Approval Date,Approval Date,Company
2019-01-04,01/04/2019,NVS
2019-01-04,01/04/2019,CTLT
2019-01-07,01/07/2019,GSK
2019-01-10,01/10/2019,NVS
2019-01-10,01/10/2019,NBIX
2019-01-11,01/11/2019,SNY
2019-01-11,01/11/2019,NVS
2019-01-11,01/11/2019,ABBV
2019-01-11,01/11/2019,EQRR
2019-01-14,01/14/2019,EXEL
2019-01-14,01/14/2019,EQRR
2019-01-15,01/15/2019,SCPL
2019-01-15,01/15/2019,LLY
2019-01-16,01/16/2019,JAZZ
2019-01-17,01/17/2019,PFE
2019-01-18,01/18/2019,THTX
2019-01-18,01/18/2019,AMAM
2019-01-18,01/18/2019,SCPL
2019-01-18,01/18/2019,REGN
2019-01-23,01/23/2019,SNY
2019-01-23,01/23/2019,EQRR
2019-01-23,01/23/2019,AMRX
2019-01-23,01/23/2019,GOL
2019-01-25,01/25/2019,GSK
2019-01-25,01/25/2019,GKOS
2019-01-25,01/25/2019,SCPL
2019-01-25,01/25/2019,IPHA
2019-01-30,01/30/2019,LLY
2019-01-30,01/30/2019,AMGN
2019-01-31,01/31/2019,NVS
2019-10-01,10/01/2019,MRK
2019-10-01,10/01/2019,AMGN
2019-10-01,10/01/2019,PBYI
2019-10-03,10/03/2019,LLY
2019-10-03,10/03/2019,OGN
2019-10-03,10/03/2019,GILD
2019-10-03,10/03/2019,AMRX
2019-10-04,10/04/2019,OGN
2019-10-04,10/04/2019,LLY
2019-10-04,10/04/2019,HZNP
2019-10-04,10/04/2019,AMGN
2019-10-06,10/06/2019,NVS
2019-10-07,10/07/2019,BMA.U
2019-10-07,10/07/2019,AGEN
2019-10-07,10/07/2019,JAZZ
2019-10-08,10/08/2019,NVS
2019-10-08,10/08/2019,GOLD
2019-10-08,10/08/2019,LLY
2019-10-09,10/09/2019,PFE
2019-10-09,10/09/2019,RBCN
2019-10-09,10/09/2019,SCPL
2019-10-10,10/10/2019,SCPL
2019-10-11,10/11/2019,AZN
2019-10-11,10/11/2019,LLY
2019-10-16,10/16/2019,BMY
2019-10-17,10/17/2019,SCPL
2019-10-17,10/17/2019,AMGN
2019-10-18,10/18/2019,UTHR
2019-10-18,10/18/2019,GOL
2019-10-18,10/18/2019,AMRX
2019-10-18,10/18/2019,VYNE
2019-10-21,10/21/2019,PFE
2019-10-21,10/21/2019,AMRX
2019-10-21,10/21/2019,NVO
2019-10-22,10/22/2019,LLY
2019-10-22,10/22/2019,PFE
2019-10-22,10/22/2019,PRGO
2019-10-22,10/22/2019,SCPL
2019-10-23,10/23/2019,CHNG
2019-10-23,10/23/2019,GSK
2019-10-23,10/23/2019,AMRX
2019-10-24,10/24/2019,AZN
2019-10-25,10/25/2019,AMRX
2019-10-25,10/25/2019,AMGN
2019-10-28,10/28/2019,PFE
2019-10-28,10/28/2019,LLY
2019-10-28,10/28/2019,TARO
2019-10-28,10/28/2019,CEL.P
2019-10-29,10/29/2019,BHC
2019-10-29,10/29/2019,CEL.P
2019-10-29,10/29/2019,GILD
2019-10-29,10/29/2019,BIIB
2019-10-30,10/30/2019,CTVA
2019-10-30,10/30/2019,SCPL
2019-10-31,10/31/2019,CTVA
2019-10-31,10/31/2019,SCPL
2019-11-01,11/01/2019,CHNG
2019-11-01,11/01/2019,PFE
2019-11-01,11/01/2019,RDHL
2019-11-05,11/05/2019,GSK
2019-11-05,11/05/2019,BHC
2019-11-05,11/05/2019,LLY
2019-11-05,11/05/2019,CORT
2019-11-06,11/06/2019,CEL.P
2019-11-06,11/06/2019,CTVA
2019-11-06,11/06/2019,EQRR
2019-11-06,11/06/2019,SCPL
2019-11-07,11/07/2019,PFE
2019-11-07,11/07/2019,OGN
2019-11-07,11/07/2019,CTVA
2019-11-13,11/13/2019,RBCN
2019-11-14,11/14/2019,MRK
2019-11-14,11/14/2019,TARO
2019-11-14,11/14/2019,HRTG
2019-11-14,11/14/2019,EQRR
2019-11-14,11/14/2019,BGNE
2019-11-15,11/15/2019,LLY
2019-11-15,11/15/2019,GSK
2019-11-15,11/15/2019,CTVA
2019-11-15,11/15/2019,NVO
2019-11-15,11/15/2019,GILD
2019-11-15,11/15/2019,PFE
2019-11-18,11/18/2019,PANA
2019-11-19,11/19/2019,NVS
2019-11-19,11/19/2019,SCPL
2019-11-20,11/20/2019,GILD
2019-11-20,11/20/2019,WNEB
2019-11-20,11/20/2019,RBCN
2019-11-21,11/21/2019,AZN
2019-11-21,11/21/2019,RBCN
2019-11-21,11/21/2019,TXMD
2019-11-22,11/22/2019,ABBV
2019-11-22,11/22/2019,RBCN
2019-11-25,11/25/2019,TARO
2019-11-26,11/26/2019,CEL.P
2019-11-26,11/26/2019,AMRX
2019-11-27,11/27/2019,GILD
2019-11-27,11/27/2019,NVO
2019-11-29,11/29/2019,RBCN
2019-12-02,12/02/2019,AMRX
2019-12-03,12/03/2019,GILD
2019-12-04,12/04/2019,CTVA
2019-12-04,12/04/2019,BMRN
2019-12-04,12/04/2019,TARO
2019-12-04,12/04/2019,GILD
2019-12-05,12/05/2019,AMGN
2019-12-05,12/05/2019,ABBV
2019-12-05,12/05/2019,LLY
2019-12-06,12/06/2019,SCPL
2019-12-06,12/06/2019,ABBV
2019-12-06,12/06/2019,BMRN
2019-12-06,12/06/2019,AMGN
2019-12-09,12/09/2019,SCPL
2019-12-10,12/10/2019,GSK
2019-12-10,12/10/2019,FMS
2019-12-11,12/11/2019,BHC
2019-12-11,12/11/2019,PLXP
2019-12-11,12/11/2019,BIIB
2019-12-11,12/11/2019,AMRX
2019-12-11,12/11/2019,EQRR
2019-12-11,12/11/2019,TARO
2019-12-12,12/12/2019,SCPL
2019-12-12,12/12/2019,PFE
2019-12-12,12/12/2019,EQRR
2019-12-13,12/13/2019,PFE
2019-12-13,12/13/2019,BMRN
2019-12-13,12/13/2019,SAGE
2019-12-16,12/16/2019,ABBV
2019-12-16,12/16/2019,GSK
2019-12-16,12/16/2019,PFE
2019-12-17,12/17/2019,BMRN
2019-12-18,12/18/2019,CEL.P
2019-12-18,12/18/2019,AMRX
2019-12-18,12/18/2019,BHC
2019-12-19,12/19/2019,ABBV
2019-12-19,12/19/2019,OGN
2019-12-19,12/19/2019,ACOR
2019-12-19,12/19/2019,AZN
2019-12-19,12/19/2019,NVO
2019-12-20,12/20/2019,PFE
2019-12-20,12/20/2019,SCPL
2019-12-20,12/20/2019,AMYT
2019-12-20,12/20/2019,ITCI
2019-12-20,12/20/2019,AMGN
2019-12-23,12/23/2019,PFE
2019-12-23,12/23/2019,CTVA
2019-12-26,12/26/2019,NVS
2019-12-27,12/27/2019,BFAM
2019-12-27,12/27/2019,AZN
2019-12-27,12/27/2019,AMRX
2019-02-01,02/01/2019,BMRN
2019-02-01,02/01/2019,CEL.P
2019-02-01,02/01/2019,NVO
2019-02-01,02/01/2019,EOLS
2019-02-04,02/04/2019,GILD
2019-02-05,02/05/2019,WWD
2019-02-05,02/05/2019,SCPL
2019-02-05,02/05/2019,AMRX
2019-02-06,02/06/2019,PFE
2019-02-06,02/06/2019,AYTU
2019-02-06,02/06/2019,LCI
2019-02-06,02/06/2019,GILD
2019-02-07,02/07/2019,PFE
2019-02-07,02/07/2019,ACRS
2019-02-08,02/08/2019,MRK
2019-02-08,02/08/2019,AMRX
2019-02-11,02/11/2019,GILD
2019-02-12,02/12/2019,BHC
2019-02-13,02/13/2019,NVS
2019-02-15,02/15/2019,AMGN
2019-02-19,02/19/2019,PFE
2019-02-19,02/19/2019,NATR
2019-02-19,02/19/2019,AMRX
2019-02-21,02/21/2019,ABBV
2019-02-21,02/21/2019,NVS
2019-02-22,02/22/2019,PFE
2019-02-22,02/22/2019,GSK
2019-02-22,02/22/2019,SCPL
2019-02-22,02/22/2019,NATR
2019-02-25,02/25/2019,ABBV
2019-02-25,02/25/2019,EQRR
2019-02-27,02/27/2019,NVO
2019-02-28,02/28/2019,TARO
2019-03-01,03/01/2019,OGN
2019-03-01,03/01/2019,CTVA
2019-03-01,03/01/2019,EQRR
2019-03-01,03/01/2019,TARO
2019-03-04,03/04/2019,AMRX
2019-03-05,03/05/2019,NVS
2019-03-07,03/07/2019,CEL.P
2019-03-10,03/10/2019,CTVA
2019-03-11,03/11/2019,AZN
2019-03-11,03/11/2019,ATNX
2019-03-11,03/11/2019,SCPL
2019-03-11,03/11/2019,REGN
2019-03-11,03/11/2019,AMGN
2019-03-11,03/11/2019,PFE
2019-03-12,03/12/2019,CHNG
2019-03-12,03/12/2019,GOL
2019-03-15,03/15/2019,OGN
2019-03-18,03/18/2019,GOL
2019-03-18,03/18/2019,GILD
2019-03-18,03/18/2019,NVS
2019-03-19,03/19/2019,SAGE
2019-03-20,03/20/2019,JAZZ
2019-03-20,03/20/2019,REGN
2019-03-21,03/21/2019,CEL.P
2019-03-22,03/22/2019,TARO
2019-03-25,03/25/2019,AMRX
2019-03-26,03/26/2019,AGEN
2019-03-26,03/26/2019,SCPL
2019-03-26,03/26/2019,NVS
2019-03-26,03/26/2019,NATR
2019-03-27,03/27/2019,CLAR
2019-03-28,03/28/2019,ABBV
2019-03-28,03/28/2019,GILD
2019-03-29,03/29/2019,NVS
2019-03-29,03/29/2019,AMGN
2019-03-29,03/29/2019,AZN
2019-04-02,04/02/2019,OGN
2019-04-02,04/02/2019,SNY
2019-04-02,04/02/2019,EQRR
2019-04-03,04/03/2019,WWD
2019-04-03,04/03/2019,AZN
2019-04-03,04/03/2019,GOL
2019-04-04,04/04/2019,AZN
2019-04-04,04/04/2019,PFE
2019-04-05,04/05/2019,ACI.S
2019-04-09,04/09/2019,GSK
2019-04-09,04/09/2019,NVO
2019-04-09,04/09/2019,AMGN
2019-04-10,04/10/2019,AMRX
2019-04-10,04/10/2019,TARO
2019-04-11,04/11/2019,NVS
2019-04-11,04/11/2019,ALC
2019-04-11,04/11/2019,AMGN
2019-04-12,04/12/2019,GSK
2019-04-15,04/15/2019,TARO
2019-04-16,04/16/2019,AMGN
2019-04-18,04/18/2019,CEL.P
2019-04-18,04/18/2019,AMGN
2019-04-18,04/18/2019,PBYI
2019-04-19,04/19/2019,PFE
2019-04-22,04/22/2019,TARO
2019-04-22,04/22/2019,AMGN
2019-04-23,04/23/2019,AMRX
2019-04-23,04/23/2019,EQRR
2019-04-23,04/23/2019,ABBV
2019-04-24,04/24/2019,GILD
2019-04-24,04/24/2019,PFE
2019-04-24,04/24/2019,NVS
2019-04-25,04/25/2019,GSK
2019-04-25,04/25/2019,BHC
2019-04-26,04/26/2019,CTVA
2019-04-26,04/26/2019,SCPL
2019-04-27,04/27/2019,PFE
2019-04-30,04/30/2019,CTVA
2019-04-30,04/30/2019,AMGN
2019-04-30,04/30/2019,ABBV
2019-05-02,05/02/2019,BMRN
2019-05-02,05/02/2019,CEL.P
2019-05-03,05/03/2019,PFE
2019-05-03,05/03/2019,CTVA
2019-05-03,05/03/2019,SCPL
2019-05-03,05/03/2019,RBCN
2019-05-08,05/08/2019,MRK
2019-05-08,05/08/2019,PFE
2019-05-08,05/08/2019,AMAM
2019-05-08,05/08/2019,AMGN
2019-05-08,05/08/2019,CEL.P
2019-05-08,05/08/2019,EQRR
2019-05-09,05/09/2019,ABBV
2019-05-10,05/10/2019,ABBV
2019-05-10,05/10/2019,LLY
2019-05-10,05/10/2019,SCPL
2019-05-13,05/13/2019,REGN
2019-05-13,05/13/2019,AMGN
2019-05-13,05/13/2019,SCPL
2019-05-14,05/14/2019,LLY
2019-05-15,05/15/2019,ATH.U
2019-05-15,05/15/2019,ABBV
2019-05-15,05/15/2019,GSK
2019-05-16,05/16/2019,PFE
2019-05-17,05/17/2019,SAGE
2019-05-19,05/19/2019,TARO
2019-05-20,05/20/2019,AZN
2019-05-20,05/20/2019,SCPL
2019-05-20,05/20/2019,AMRX
2019-05-21,05/21/2019,PFE
2019-05-23,05/23/2019,AMRX
2019-05-24,05/24/2019,NVS
2019-05-24,05/24/2019,AMGN
2019-05-24,05/24/2019,INCY
2019-05-28,05/28/2019,EQRR
2019-05-28,05/28/2019,SCPL
2019-05-29,05/29/2019,NVS
2019-05-29,05/29/2019,GSK
2019-05-29,05/29/2019,RDHL
2019-05-29,05/29/2019,WWD
2019-05-29,05/29/2019,AZN
2019-05-30,05/30/2019,ABBV
2019-05-31,05/31/2019,CTVA
2019-05-31,05/31/2019,BFAM
2019-05-31,05/31/2019,AMRX
2019-06-03,06/03/2019,CEL.P
2019-06-03,06/03/2019,SCPL
2019-06-04,06/04/2019,SCPL
2019-06-04,06/04/2019,LLY
2019-06-06,06/06/2019,GSK
2019-06-07,06/07/2019,ALKS
2019-06-07,06/07/2019,PTCT
2019-06-12,06/12/2019,NVS
2019-06-13,06/13/2019,PFE
2019-06-13,06/13/2019,AMGN
2019-06-14,06/14/2019,ACI.S
2019-06-18,06/18/2019,GILD
2019-06-19,06/19/2019,PFE
2019-06-21,06/21/2019,AMRX
2019-06-24,06/24/2019,AMGN
2019-06-26,06/26/2019,REGN
2019-06-27,06/27/2019,PFE
2019-06-28,06/28/2019,RBCN
2019-06-28,06/28/2019,SCPL
2019-07-01,07/01/2019,GILD
2019-07-01,07/01/2019,AZN
2019-07-05,07/05/2019,THTX
2019-07-08,07/08/2019,SCPL
2019-07-09,07/09/2019,GSK
2019-07-10,07/10/2019,BIIB
2019-07-10,07/10/2019,LLY
2019-07-12,07/12/2019,BIIB
2019-07-12,07/12/2019,RDHL
2019-07-12,07/12/2019,EOLS
2019-07-15,07/15/2019,NBIX
2019-07-16,07/16/2019,CTVA
2019-07-16,07/16/2019,NVS
2019-07-17,07/17/2019,GSK
2019-07-18,07/18/2019,PFE
2019-07-18,07/18/2019,CEL.P
2019-07-19,07/19/2019,GSK
2019-07-19,07/19/2019,AMGN
2019-07-19,07/19/2019,EQRR
2019-07-21,07/21/2019,WNEB
2019-07-22,07/22/2019,CEL.P
2019-07-22,07/22/2019,GSK
2019-07-22,07/22/2019,BFAM
2019-07-22,07/22/2019,TARO
2019-07-23,07/23/2019,AMRX
2019-07-23,07/23/2019,PFE
2019-07-24,07/24/2019,NVS
2019-07-24,07/24/2019,LLY
2019-07-25,07/25/2019,SCPL
2019-07-25,07/25/2019,NVS
2019-07-25,07/25/2019,PFE
2019-07-25,07/25/2019,ABBV
2019-07-26,07/26/2019,PFE
2019-07-26,07/26/2019,AMGN
2019-07-31,07/31/2019,NVS
2019-07-31,07/31/2019,LLY
2019-08-01,08/01/2019,BHC
2019-08-02,08/02/2019,PKE
2019-08-02,08/02/2019,PFE
2019-08-02,08/02/2019,GILD
2019-08-05,08/05/2019,NVS
2019-08-05,08/05/2019,EQRR
2019-08-07,08/07/2019,GILD
2019-08-07,08/07/2019,TARO
2019-08-07,08/07/2019,AMRX
2019-08-08,08/08/2019,PFE
2019-08-08,08/08/2019,NVO
2019-08-08,08/08/2019,AHL-C
2019-08-09,08/09/2019,MRK
2019-08-09,08/09/2019,PFE
2019-08-12,08/12/2019,OGN
2019-08-12,08/12/2019,REGN
2019-08-13,08/13/2019,LLY
2019-08-14,08/14/2019,SCPL
2019-08-14,08/14/2019,HMY
2019-08-15,08/15/2019,PKE
2019-08-15,08/15/2019,TARO
2019-08-16,08/16/2019,OGN
2019-08-16,08/16/2019,NVS
2019-08-16,08/16/2019,TARO
2019-08-16,08/16/2019,PRGO
2019-08-16,08/16/2019,ABBV
2019-08-16,08/16/2019,CLI.S
2019-08-18,08/18/2019,PFE
2019-08-18,08/18/2019,AYTU
2019-08-19,08/19/2019,BHC
2019-08-19,08/19/2019,TARO
2019-08-19,08/19/2019,NBRV
2019-08-19,08/19/2019,RBCN
2019-08-20,08/20/2019,ABBV
2019-08-20,08/20/2019,SCPL
2019-08-21,08/21/2019,ABBV
2019-08-21,08/21/2019,AMRX
2019-08-22,08/22/2019,LLY
2019-08-22,08/22/2019,GILD
2019-08-23,08/23/2019,GILD
2019-08-23,08/23/2019,LLY
2019-08-23,08/23/2019,TARO
2019-08-23,08/23/2019,AMRX
2019-08-26,08/26/2019,PFE
2019-08-26,08/26/2019,AZN
2019-08-27,08/27/2019,CTVA
2019-08-28,08/28/2019,GILD
2019-08-28,08/28/2019,ABBV
2019-08-29,08/29/2019,PFE
2019-08-29,08/29/2019,ACOR
2019-08-30,08/30/2019,PFE
2019-08-30,08/30/2019,AMRX
2019-09-05,09/05/2019,WNEB
2019-09-06,09/06/2019,AZN
2019-09-06,09/06/2019,ALKS
2019-09-06,09/06/2019,GSK
2019-09-06,09/06/2019,TARO
2019-09-06,09/06/2019,WNEB
2019-09-06,09/06/2019,GOL
2019-09-09,09/09/2019,PFE
2019-09-09,09/09/2019,LLY
2019-09-09,09/09/2019,NVS
2019-09-10,09/10/2019,XERS
2019-09-12,09/12/2019,ARDX
2019-09-12,09/12/2019,GSK
2019-09-13,09/13/2019,SAGE
2019-09-16,09/16/2019,PFE
2019-09-18,09/18/2019,ABBV
2019-09-18,09/18/2019,CEL.P
2019-09-19,09/19/2019,PFE
2019-09-19,09/19/2019,GILD
2019-09-19,09/19/2019,SCPL
2019-09-20,09/20/2019,CEL.P
2019-09-20,09/20/2019,NVO
2019-09-23,09/23/2019,EBS
2019-09-23,09/23/2019,AMRX
2019-09-24,09/24/2019,PFE
2019-09-25,09/25/2019,PFE
2019-09-25,09/25/2019,MRK
2019-09-25,09/25/2019,NVS
2019-09-26,09/26/2019,SCPL
2019-09-26,09/26/2019,ABBV
2019-09-27,09/27/2019,TARO
2019-09-27,09/27/2019,GILD
2019-09-30,09/30/2019,AZN
2019-09-30,09/30/2019,ATH.U
2019-09-30,09/30/2019,SCPL
2019-09-30,09/30/2019,SAGE
2018-01-04,01/04/2018,AMGN
2018-01-08,01/08/2018,NVS
2018-01-09,01/09/2018,WWD
2018-01-09,01/09/2018,CEL.P
2018-01-10,01/10/2018,ECL
2018-01-10,01/10/2018,REGN
2018-01-12,01/12/2018,NVS
2018-01-12,01/12/2018,EXEL
2018-01-12,01/12/2018,AZN
2018-01-12,01/12/2018,XENT
2018-01-18,01/18/2018,PFE
2018-01-19,01/19/2018,AMRX
2018-01-22,01/22/2018,PFE
2018-01-23,01/23/2018,AZN
2018-01-24,01/24/2018,PRGO
2018-01-24,01/24/2018,AMGN
2018-01-24,01/24/2018,TARO
2018-01-25,01/25/2018,BMY
2018-01-25,01/25/2018,CEL.P
2018-01-26,01/26/2018,SCPL
2018-01-26,01/26/2018,GILD
2018-01-29,01/29/2018,GOL
2018-01-29,01/29/2018,SCPL
2018-10-02,10/02/2018,GSK
2018-10-03,10/03/2018,NATR
2018-10-03,10/03/2018,EQRR
2018-10-04,10/04/2018,TARO
2018-10-05,10/05/2018,BHC
2018-10-10,10/10/2018,GILD
2018-10-12,10/12/2018,MRK
2018-10-12,10/12/2018,OGN
2018-10-12,10/12/2018,CL
2018-10-12,10/12/2018,NATR
2018-10-16,10/16/2018,ABBV
2018-10-16,10/16/2018,AMRX
2018-10-16,10/16/2018,GOL
2018-10-16,10/16/2018,PFE
2018-10-17,10/17/2018,TARO
2018-10-17,10/17/2018,AMRX
2018-10-18,10/18/2018,CTVA
2018-10-18,10/18/2018,AMGN
2018-10-18,10/18/2018,PFE
2018-10-19,10/19/2018,NVO
2018-10-19,10/19/2018,REGN
2018-10-22,10/22/2018,TARO
2018-10-22,10/22/2018,AMRX
2018-10-23,10/23/2018,SCPL
2018-10-23,10/23/2018,GILD
2018-10-23,10/23/2018,GOL
2018-10-25,10/25/2018,MNKD
2018-10-26,10/26/2018,NVS
2018-10-26,10/26/2018,INCY
2018-10-26,10/26/2018,SCPL
2018-10-28,10/28/2018,TXMD
2018-10-29,10/29/2018,GKOS
2018-10-29,10/29/2018,EQRR
2018-10-30,10/30/2018,GILD
2018-10-31,10/31/2018,RBCN
2018-10-31,10/31/2018,GOLD
2018-10-31,10/31/2018,GILD
2018-11-01,11/01/2018,LLY
2018-11-01,11/01/2018,AQST
2018-11-02,11/02/2018,TARO
2018-11-02,11/02/2018,GILD
2018-11-02,11/02/2018,GOL
2018-11-02,11/02/2018,PFE
2018-11-05,11/05/2018,EQRR
2018-11-06,11/06/2018,LLY
2018-11-06,11/06/2018,ABBV
2018-11-06,11/06/2018,BHC
2018-11-06,11/06/2018,CEL.P
2018-11-07,11/07/2018,CHNG
2018-11-07,11/07/2018,ABBV
2018-11-09,11/09/2018,AMP
2018-11-09,11/09/2018,AZN
2018-11-09,11/09/2018,SCPL
2018-11-11,11/11/2018,BHC
2018-11-14,11/14/2018,GSK
2018-11-15,11/15/2018,ABBV
2018-11-15,11/15/2018,GSK
2018-11-15,11/15/2018,CEL.P
2018-11-16,11/16/2018,NVS
2018-11-16,11/16/2018,PFE
2018-11-16,11/16/2018,BHC
2018-11-16,11/16/2018,BHLB
2018-11-16,11/16/2018,RDHL
2018-11-16,11/16/2018,AMRX
2018-11-19,11/19/2018,NATR
2018-11-20,11/20/2018,LLY
2018-11-21,11/21/2018,ABBV
2018-11-21,11/21/2018,SNY
2018-11-21,11/21/2018,NVO
2018-11-21,11/21/2018,PFE
2018-11-21,11/21/2018,TARO
2018-11-23,11/23/2018,GOL
2018-11-25,11/25/2018,ABBV
2018-11-26,11/26/2018,LLY
2018-11-29,11/29/2018,AZN
2018-11-29,11/29/2018,NVS
2018-11-29,11/29/2018,EQRR
2018-11-30,11/30/2018,GILD
2018-12-03,12/03/2018,PFE
2018-12-04,12/04/2018,NVO
2018-12-04,12/04/2018,EQRR
2018-12-06,12/06/2018,NVS
2018-12-06,12/06/2018,ABBV
2018-12-06,12/06/2018,SCPL
2018-12-06,12/06/2018,NATR
2018-12-07,12/07/2018,SCPL
2018-12-07,12/07/2018,FNB-E
2018-12-07,12/07/2018,NATR
2018-12-10,12/10/2018,GILD
2018-12-11,12/11/2018,LLY
2018-12-11,12/11/2018,GILD
2018-12-11,12/11/2018,MRK
2018-12-11,12/11/2018,BMRN
2018-12-12,12/12/2018,PKE
2018-12-12,12/12/2018,NVS
2018-12-12,12/12/2018,MRK
2018-12-14,12/14/2018,NVS
2018-12-14,12/14/2018,AMGN
2018-12-17,12/17/2018,BMY
2018-12-17,12/17/2018,CEL.P
2018-12-17,12/17/2018,AMRX
2018-12-18,12/18/2018,NVS
2018-12-19,12/19/2018,ABBV
2018-12-19,12/19/2018,AZN
2018-12-20,12/20/2018,LLY
2018-12-20,12/20/2018,CTVA
2018-12-20,12/20/2018,CEL.P
2018-12-20,12/20/2018,PFE
2018-12-20,12/20/2018,AMGN
2018-12-21,12/21/2018,GSK
2018-12-21,12/21/2018,AMP
2018-12-21,12/21/2018,NVS
2018-12-21,12/21/2018,AZN
2018-12-21,12/21/2018,MRK
2018-12-21,12/21/2018,CEL.P
2018-12-21,12/21/2018,HZNP
2018-12-21,12/21/2018,SCPL
2018-12-21,12/21/2018,ACOR
2018-12-21,12/21/2018,EQRR
2018-12-26,12/26/2018,AMRX
2018-12-27,12/27/2018,CEL.P
2018-12-27,12/27/2018,PKE
2018-12-27,12/27/2018,NVS
2018-12-28,12/28/2018,GILD
2018-12-28,12/28/2018,ALKS
2018-12-31,12/31/2018,TARO
2018-12-31,12/31/2018,GOL
2018-02-01,02/01/2018,PFE
2018-02-01,02/01/2018,RBCN
2018-02-01,02/01/2018,GOLD
2018-02-02,02/02/2018,GILD
2018-02-06,02/06/2018,OGN
2018-02-06,02/06/2018,GILD
2018-02-06,02/06/2018,PFE
2018-02-06,02/06/2018,AZN
2018-02-07,02/07/2018,GILD
2018-02-08,02/08/2018,CEL.P
2018-02-09,02/09/2018,OGN
2018-02-09,02/09/2018,CEL.P
2018-02-09,02/09/2018,AMRX
2018-02-12,02/12/2018,PFE
2018-02-13,02/13/2018,CEL.P
2018-02-13,02/13/2018,GOL
2018-02-15,02/15/2018,LLY
2018-02-15,02/15/2018,CEL.P
2018-02-15,02/15/2018,AMRX
2018-02-16,02/16/2018,NVS
2018-02-16,02/16/2018,ADMS
2018-02-20,02/20/2018,BHC
2018-02-26,02/26/2018,GSK
2018-02-26,02/26/2018,LLY
2018-02-28,02/28/2018,PFE
2018-02-28,02/28/2018,OGN
2018-02-28,02/28/2018,RDHL
2018-03-01,03/01/2018,NVS
2018-03-01,03/01/2018,PFE
2018-03-02,03/02/2018,TEVA
2018-03-05,03/05/2018,CEL.P
2018-03-06,03/06/2018,PFE
2018-03-06,03/06/2018,ABBV
2018-03-06,03/06/2018,NVO
2018-03-07,03/07/2018,GOL
2018-03-07,03/07/2018,GOLD
2018-03-08,03/08/2018,SCPL
2018-03-09,03/09/2018,PFE
2018-03-09,03/09/2018,AZN
2018-03-09,03/09/2018,NVS
2018-03-09,03/09/2018,EQRR
2018-03-13,03/13/2018,MRK
2018-03-14,03/14/2018,CTVA
2018-03-15,03/15/2018,PFE
2018-03-15,03/15/2018,AMGN
2018-03-16,03/16/2018,CTVA
2018-03-16,03/16/2018,LLY
2018-03-19,03/19/2018,AMRX
2018-03-20,03/20/2018,NVS
2018-03-20,03/20/2018,PFE
2018-03-20,03/20/2018,GOL
2018-03-22,03/22/2018,NVS
2018-03-22,03/22/2018,GILD
2018-03-23,03/23/2018,OGN
2018-03-26,03/26/2018,OGN
2018-03-26,03/26/2018,NVO
2018-03-26,03/26/2018,TARO
2018-03-27,03/27/2018,LLY
2018-03-28,03/28/2018,NVS
2018-03-29,03/29/2018,AMGN
2018-04-01,04/01/2018,PFE
2018-04-02,04/02/2018,SNY
2018-04-03,04/03/2018,PFE
2018-04-03,04/03/2018,AZN
2018-04-04,04/04/2018,PKE
2018-04-05,04/05/2018,GOL
2018-04-06,04/06/2018,CLVS
2018-04-09,04/09/2018,PFE
2018-04-09,04/09/2018,CTVA
2018-04-10,04/10/2018,OGN
2018-04-10,04/10/2018,NVS
2018-04-10,04/10/2018,AMGN
2018-04-10,04/10/2018,REGN
2018-04-12,04/12/2018,GSK
2018-04-13,04/13/2018,CEL.P
2018-04-16,04/16/2018,PFE
2018-04-16,04/16/2018,CEL.P
2018-04-17,04/17/2018,CHNG
2018-04-17,04/17/2018,LLY
2018-04-17,04/17/2018,GOL
2018-04-18,04/18/2018,NVO
2018-04-18,04/18/2018,LLY
2018-04-18,04/18/2018,GSK
2018-04-18,04/18/2018,CEL.P
2018-04-18,04/18/2018,BMY
2018-04-18,04/18/2018,AZN
2018-04-19,04/19/2018,OGN
2018-04-19,04/19/2018,PFE
2018-04-19,04/19/2018,LLY
2018-04-20,04/20/2018,SCPL
2018-04-20,04/20/2018,NVS
2018-04-23,04/23/2018,MRK
2018-04-23,04/23/2018,TARO
2018-04-23,04/23/2018,NVS
2018-04-24,04/24/2018,MNKD
2018-04-24,04/24/2018,GSK
2018-04-25,04/25/2018,PFE
2018-04-26,04/26/2018,CHNG
2018-04-27,04/27/2018,SCPL
2018-04-30,04/30/2018,ABBV
2018-04-30,04/30/2018,NVS
2018-05-01,05/01/2018,PFE
2018-05-02,05/02/2018,GOLD
2018-05-03,05/03/2018,BCRX
2018-05-04,05/04/2018,NVS
2018-05-04,05/04/2018,NATR
2018-05-04,05/04/2018,SCPL
2018-05-07,05/07/2018,GSK
2018-05-10,05/10/2018,NVS
2018-05-11,05/11/2018,NVS
2018-05-14,05/14/2018,CTVA
2018-05-14,05/14/2018,ACI.S
2018-05-14,05/14/2018,WNEB
2018-05-14,05/14/2018,SCPL
2018-05-15,05/15/2018,GILD
2018-05-17,05/17/2018,LLY
2018-05-17,05/17/2018,GSK
2018-05-17,05/17/2018,AMGN
2018-05-18,05/18/2018,PFE
2018-05-18,05/18/2018,ABBV
2018-05-18,05/18/2018,ATH.U
2018-05-18,05/18/2018,AMGN
2018-05-18,05/18/2018,AZN
2018-05-21,05/21/2018,OSMT
2018-05-24,05/24/2018,BMRN
2018-05-25,05/25/2018,LLY
2018-05-25,05/25/2018,PRGO
2018-05-25,05/25/2018,NVS
2018-05-25,05/25/2018,TARO
2018-05-25,05/25/2018,AMRX
2018-05-29,05/29/2018,TXMD
2018-05-31,05/31/2018,GSK
2018-05-31,05/31/2018,LLY
2018-06-01,06/01/2018,PRGO
2018-06-04,06/04/2018,LLY
2018-06-04,06/04/2018,AMYT
2018-06-04,06/04/2018,AMRX
2018-06-05,06/05/2018,GSK
2018-06-05,06/05/2018,PFE
2018-06-05,06/05/2018,TARO
2018-06-07,06/07/2018,WWD
2018-06-07,06/07/2018,AZN
2018-06-07,06/07/2018,BFAM
2018-06-07,06/07/2018,AMGN
2018-06-07,06/07/2018,AYTU
2018-06-08,06/08/2018,LLY
2018-06-08,06/08/2018,UTHR
2018-06-08,06/08/2018,ABBV
2018-06-11,06/11/2018,RBCN
2018-06-12,06/12/2018,AZN
2018-06-12,06/12/2018,SCPL
2018-06-12,06/12/2018,GOL
2018-06-15,06/15/2018,SCPL
2018-06-15,06/15/2018,AMRX
2018-06-18,06/18/2018,PFE
2018-06-18,06/18/2018,CEL.P
2018-06-18,06/18/2018,AMGN
2018-06-18,06/18/2018,EQRR
2018-06-19,06/19/2018,GOL
2018-06-19,06/19/2018,SCPL
2018-06-21,06/21/2018,BHC
2018-06-21,06/21/2018,GSK
2018-06-21,06/21/2018,NVS
2018-06-22,06/22/2018,OGN
2018-06-22,06/22/2018,CEL.P
2018-06-27,06/27/2018,LLY
2018-06-28,06/28/2018,AGEN
2018-06-28,06/28/2018,CEL.P
2018-06-28,06/28/2018,AYTU
2018-06-28,06/28/2018,PBYI
2018-06-28,06/28/2018,DERM
2018-06-29,06/29/2018,LLY
2018-06-29,06/29/2018,GOL
2018-06-29,06/29/2018,EQRR
2018-07-02,07/02/2018,SCPL
2018-07-02,07/02/2018,EQRR
2018-07-03,07/03/2018,NVS
2018-07-03,07/03/2018,GILD
2018-07-05,07/05/2018,AZN
2018-07-05,07/05/2018,AMRX
2018-07-06,07/06/2018,NVO
2018-07-06,07/06/2018,LLY
2018-07-09,07/09/2018,NATR
2018-07-10,07/10/2018,CEL.P
2018-07-12,07/12/2018,SCPL
2018-07-13,07/13/2018,SIGA
2018-07-13,07/13/2018,AMRX
2018-07-16,07/16/2018,SCPL
2018-07-17,07/17/2018,GSK
2018-07-18,07/18/2018,NVS
2018-07-19,07/19/2018,AMRX
2018-07-20,07/20/2018,GSK
2018-07-22,07/22/2018,NVO
2018-07-23,07/23/2018,GOL
2018-07-23,07/23/2018,ABBV
2018-07-24,07/24/2018,PFE
2018-07-24,07/24/2018,NVS
2018-07-25,07/25/2018,FMS
2018-07-25,07/25/2018,GILD
2018-07-25,07/25/2018,AMGN
2018-07-25,07/25/2018,PLXP
2018-07-26,07/26/2018,ABBV
2018-07-26,07/26/2018,WNEB
2018-07-27,07/27/2018,GILD
2018-07-27,07/27/2018,GOL
2018-07-30,07/30/2018,UTHR
2018-07-30,07/30/2018,GILD
2018-08-01,08/01/2018,BHC
2018-08-01,08/01/2018,PFE
2018-08-01,08/01/2018,GILD
2018-08-02,08/02/2018,GSK
2018-08-02,08/02/2018,ABBV
2018-08-02,08/02/2018,AMRX
2018-08-03,08/03/2018,NVS
2018-08-03,08/03/2018,SCPL
2018-08-06,08/06/2018,MRK
2018-08-06,08/06/2018,ABBV
2018-08-07,08/07/2018,GILD
2018-08-09,08/09/2018,SCPL
2018-08-09,08/09/2018,GOL
2018-08-09,08/09/2018,NVO
2018-08-09,08/09/2018,LLY
2018-08-10,08/10/2018,PFE
2018-08-10,08/10/2018,NVS
2018-08-10,08/10/2018,AZN
2018-08-10,08/10/2018,NBIX
2018-08-10,08/10/2018,TXMD
2018-08-14,08/14/2018,LLY
2018-08-16,08/16/2018,REGN
2018-08-16,08/16/2018,CEL.P
2018-08-17,08/17/2018,PFE
2018-08-17,08/17/2018,LLY
2018-08-21,08/21/2018,NVS
2018-08-21,08/21/2018,AMRX
2018-08-22,08/22/2018,GOLD
2018-08-22,08/22/2018,AZN
2018-08-22,08/22/2018,AMRX
2018-08-24,08/24/2018,TARO
2018-08-28,08/28/2018,AZN
2018-08-30,08/30/2018,GSK
2018-08-30,08/30/2018,CTVA
2018-08-31,08/31/2018,GSK
2018-09-04,09/04/2018,NVO
2018-09-05,09/05/2018,NVS
2018-09-05,09/05/2018,LLY
2018-09-07,09/07/2018,SCPL
2018-09-07,09/07/2018,ABBV
2018-09-13,09/13/2018,IPHA
2018-09-17,09/17/2018,AMRX
2018-09-18,09/18/2018,AGEN
2018-09-18,09/18/2018,EQRR
2018-09-18,09/18/2018,CTVA
2018-09-18,09/18/2018,GOLD
2018-09-19,09/19/2018,CHNG
2018-09-19,09/19/2018,SCPL
2018-09-20,09/20/2018,CTVA
2018-09-21,09/21/2018,AGEN
2018-09-21,09/21/2018,LLY
2018-09-24,09/24/2018,NVO
2018-09-26,09/26/2018,LLY
2018-09-26,09/26/2018,AZN
2018-09-27,09/27/2018,AZN
2018-09-27,09/27/2018,NVS
2018-09-27,09/27/2018,PFE
2018-09-27,09/27/2018,LLY
2018-09-28,09/28/2018,ABBV
2018-09-28,09/28/2018,NATR
2018-09-28,09/28/2018,INSM
2018-09-28,09/28/2018,GOL
2017-10-04,10/04/2017,NVS
2017-10-05,10/05/2017,PFE
2017-10-05,10/05/2017,ABBV
2017-10-05,10/05/2017,NVS
2017-10-05,10/05/2017,EXEL
2017-10-10,10/10/2017,CEL.P
2017-10-10,10/10/2017,INCY
2017-10-11,10/11/2017,LLY
2017-10-13,10/13/2017,ABBV
2017-10-13,10/13/2017,GSK
2017-10-16,10/16/2017,SNY
2017-10-16,10/16/2017,PANA
2017-10-16,10/16/2017,TARO
2017-10-17,10/17/2017,GSK
2017-10-18,10/18/2017,GSK
2017-10-18,10/18/2017,CTVA
2017-10-19,10/19/2017,UTHR
2017-10-20,10/20/2017,CEL.P
2017-10-20,10/20/2017,PRGO
2017-10-23,10/23/2017,AZN
2017-10-25,10/25/2017,PKE
2017-10-25,10/25/2017,PFE
2017-10-25,10/25/2017,CTVA
2017-10-25,10/25/2017,TARO
2017-10-27,10/27/2017,PFE
2017-10-27,10/27/2017,SCPL
2017-10-31,10/31/2017,AMGN
2017-10-31,10/31/2017,AZN
2017-11-01,11/01/2017,NVS
2017-11-01,11/01/2017,PFE
2017-11-01,11/01/2017,AMRX
2017-11-01,11/01/2017,AHL-C
2017-11-01,11/01/2017,WWD
2017-11-01,11/01/2017,BIIB
2017-11-03,11/03/2017,NVS
2017-11-03,11/03/2017,GOLD
2017-11-06,11/06/2017,AMRX
2017-11-07,11/07/2017,AMRX
2017-11-08,11/08/2017,BHC
2017-11-09,11/09/2017,CHNG
2017-11-09,11/09/2017,CEL.P
2017-11-09,11/09/2017,GILD
2017-11-09,11/09/2017,GOL
2017-11-09,11/09/2017,ABBV
2017-11-09,11/09/2017,BMY
2017-11-09,11/09/2017,TARO
2017-11-12,11/12/2017,PFE
2017-11-14,11/14/2017,AZN
2017-11-15,11/15/2017,CTVA
2017-11-15,11/15/2017,TARO
2017-11-16,11/16/2017,PFE
2017-11-16,11/16/2017,SCPL
2017-11-16,11/16/2017,EXEL
2017-11-17,11/17/2017,NVS
2017-11-20,11/20/2017,PLXP
2017-11-20,11/20/2017,NVS
2017-11-20,11/20/2017,GOL
2017-11-21,11/21/2017,PFE
2017-11-21,11/21/2017,SCPL
2017-11-21,11/21/2017,BFAM
2017-11-21,11/21/2017,GOL
2017-11-22,11/22/2017,GILD
2017-11-27,11/27/2017,ATNX
2017-11-28,11/28/2017,CTVA
2017-11-28,11/28/2017,RBCN
2017-11-29,11/29/2017,CEL.P
2017-11-29,11/29/2017,GILD
2017-11-30,11/30/2017,AMGN
2017-12-01,12/01/2017,LLY
2017-12-01,12/01/2017,AMGN
2017-12-05,12/05/2017,SCPL
2017-12-05,12/05/2017,NVO
2017-12-06,12/06/2017,PFE
2017-12-06,12/06/2017,INCY
2017-12-08,12/08/2017,GILD
2017-12-08,12/08/2017,OMER
2017-12-08,12/08/2017,XENT
2017-12-09,12/09/2017,AMGN
2017-12-11,12/11/2017,GSK
2017-12-11,12/11/2017,AMRX
2017-12-11,12/11/2017,ABBV
2017-12-12,12/12/2017,LLY
2017-12-12,12/12/2017,NVO
2017-12-13,12/13/2017,CEL.P
2017-12-13,12/13/2017,PFE
2017-12-14,12/14/2017,GSK
2017-12-14,12/14/2017,ABBV
2017-12-14,12/14/2017,PFE
2017-12-14,12/14/2017,ACRS
2017-12-15,12/15/2017,NVS
2017-12-15,12/15/2017,BHC
2017-12-15,12/15/2017,BIIB
2017-12-15,12/15/2017,AMRX
2017-12-17,12/17/2017,NVS
2017-12-18,12/18/2017,CEL.P
2017-12-18,12/18/2017,NVS
2017-12-18,12/18/2017,WNEB
2017-12-18,12/18/2017,AMRX
2017-12-19,12/19/2017,CEL.P
2017-12-19,12/19/2017,BMY
2017-12-19,12/19/2017,LLY
2017-12-19,12/19/2017,OSMT
2017-12-19,12/19/2017,EXEL
2017-12-20,12/20/2017,AZN
2017-12-20,12/20/2017,OGN
2017-12-20,12/20/2017,LCI
2017-12-20,12/20/2017,CEL.P
2017-12-20,12/20/2017,NVO
2017-12-20,12/20/2017,ABBV
2017-12-20,12/20/2017,TEVA
2017-12-21,12/21/2017,NVS
2017-12-21,12/21/2017,LJPC
2017-12-22,12/22/2017,NVS
2017-12-22,12/22/2017,BFAM
2017-12-26,12/26/2017,GSK
2017-07-05,07/05/2017,PFE
2017-07-05,07/05/2017,NVS
2017-07-05,07/05/2017,LLY
2017-07-06,07/06/2017,GSK
2017-07-06,07/06/2017,BFAM
2017-07-07,07/07/2017,NVS
2017-07-10,07/10/2017,SNY
2017-07-11,07/11/2017,AMGN
2017-07-13,07/13/2017,PFE
2017-07-13,07/13/2017,LLY
2017-07-17,07/17/2017,GOL
2017-07-17,07/17/2017,PBYI
2017-07-18,07/18/2017,MDRX
2017-07-18,07/18/2017,GILD
2017-07-19,07/19/2017,BHC
2017-07-19,07/19/2017,NVS
2017-07-19,07/19/2017,GOL
2017-07-21,07/21/2017,BHC
2017-07-21,07/21/2017,NVS
2017-07-21,07/21/2017,GSK
2017-07-21,07/21/2017,GILD
2017-07-21,07/21/2017,CEL.P
2017-07-24,07/24/2017,LCI
2017-07-26,07/26/2017,PFE
2017-07-26,07/26/2017,BHC
2017-07-27,07/27/2017,AYTU
2017-07-28,07/28/2017,GOL
2017-07-28,07/28/2017,AMRX
2017-07-28,07/28/2017,OSMT
2017-07-31,07/31/2017,CEL.P
2017-08-01,08/01/2017,LLY
2017-08-01,08/01/2017,RDHL
2017-08-01,08/01/2017,GILD
2017-08-02,08/02/2017,ABBV
2017-08-02,08/02/2017,AMYT
2017-08-03,08/03/2017,SCPL
2017-08-03,08/03/2017,ABBV
2017-08-04,08/04/2017,NVS
2017-08-04,08/04/2017,AMP
2017-08-04,08/04/2017,OGN
2017-08-07,08/07/2017,EQRR
2017-08-08,08/08/2017,GSK
2017-08-08,08/08/2017,NVS
2017-08-09,08/09/2017,PFE
2017-08-09,08/09/2017,MRK
2017-08-09,08/09/2017,GOLD
2017-08-10,08/10/2017,CEL.P
2017-08-11,08/11/2017,GSK
2017-08-14,08/14/2017,CEL.P
2017-08-15,08/15/2017,EQRR
2017-08-15,08/15/2017,GILD
2017-08-16,08/16/2017,PFE
2017-08-17,08/17/2017,AZN
2017-08-21,08/21/2017,PRGO
2017-08-21,08/21/2017,GILD
2017-08-21,08/21/2017,GOL
2017-08-22,08/22/2017,PFE
2017-08-22,08/22/2017,GSK
2017-08-23,08/23/2017,GSK
2017-08-24,08/24/2017,ADMS
2017-08-25,08/25/2017,MRK
2017-08-25,08/25/2017,AZN
2017-08-25,08/25/2017,WNEB
2017-08-28,08/28/2017,GILD
2017-08-28,08/28/2017,AMRX
2017-08-28,08/28/2017,BIIB
2017-08-29,08/29/2017,AYTU
2017-08-30,08/30/2017,GILD
2017-08-31,08/31/2017,AZN
2017-09-05,09/05/2017,CTVA
2017-09-06,09/06/2017,MMM
2017-09-06,09/06/2017,NVS
2017-09-06,09/06/2017,CEL.P
2017-09-06,09/06/2017,BFRA
2017-09-08,09/08/2017,PFE
2017-09-08,09/08/2017,EQRR
2017-09-08,09/08/2017,AMRX
2017-09-11,09/11/2017,GSK
2017-09-11,09/11/2017,AZN
2017-09-11,09/11/2017,PFE
2017-09-13,09/13/2017,LLY
2017-09-13,09/13/2017,BHC
2017-09-14,09/14/2017,PFE
2017-09-14,09/14/2017,WWD
2017-09-14,09/14/2017,AMGN
2017-09-18,09/18/2017,CTVA
2017-09-18,09/18/2017,GOL
2017-09-18,09/18/2017,GSK
2017-09-19,09/19/2017,MRK
2017-09-20,09/20/2017,BCRX
2017-09-20,09/20/2017,EQRR
2017-09-22,09/22/2017,NVS
2017-09-22,09/22/2017,CEL.P
2017-09-24,09/24/2017,BFAM
2017-09-25,09/25/2017,GILD
2017-09-26,09/26/2017,NVS
2017-09-27,09/27/2017,GSK
2017-09-27,09/27/2017,GILD
2017-09-28,09/28/2017,PFE
2017-09-28,09/28/2017,OGN
2017-09-28,09/28/2017,GOL
2017-09-28,09/28/2017,GILD
2017-09-28,09/28/2017,LLY
2017-09-29,09/29/2017,ABBV
2017-09-29,09/29/2017,NVS
2017-09-29,09/29/2017,ACOR
2017-09-29,09/29/2017,MNKD
2017-09-29,09/29/2017,CTVA
2017-09-29,09/29/2017,AMGN
2017-09-29,09/29/2017,WNEB
2017-09-29,09/29/2017,NVO
2017-01-03,01/03/2017,AMGN
2017-01-03,01/03/2017,AMYT
2017-01-04,01/04/2017,NVS
2017-01-04,01/04/2017,LLY
2017-01-04,01/04/2017,OSMT
2017-01-04,01/04/2017,GOLD
2017-01-04,01/04/2017,CTVA
2017-01-04,01/04/2017,LCI
2017-01-04,01/04/2017,GILD
2017-01-06,01/06/2017,LLY
2017-01-06,01/06/2017,TARO
2017-01-09,01/09/2017,PFE
2017-01-09,01/09/2017,TARO
2017-01-10,01/10/2017,BHC
2017-01-10,01/10/2017,GSK
2017-01-10,01/10/2017,AMGN
2017-01-11,01/11/2017,PANA
2017-01-13,01/13/2017,AGEN
2017-01-13,01/13/2017,BHC
2017-01-13,01/13/2017,AYTU
2017-01-19,01/19/2017,NVS
2017-01-19,01/19/2017,OGN
2017-01-19,01/19/2017,BIIB
2017-01-23,01/23/2017,CEL.P
2017-01-23,01/23/2017,BHC
2017-01-23,01/23/2017,LLY
2017-01-23,01/23/2017,CTVA
2017-01-24,01/24/2017,AZN
2017-01-24,01/24/2017,UTHR
2017-01-24,01/24/2017,EBS
2017-01-25,01/25/2017,ABBV
2017-01-25,01/25/2017,AMGN
2017-01-25,01/25/2017,NVS
2017-01-26,01/26/2017,PFE
2017-01-26,01/26/2017,NVS
2017-01-26,01/26/2017,AZN
2017-01-27,01/27/2017,NVS
2017-01-27,01/27/2017,AZN
2017-01-27,01/27/2017,LLY
2017-01-27,01/27/2017,GILD
2017-01-27,01/27/2017,BMY
2017-01-27,01/27/2017,TEVA
2017-01-30,01/30/2017,CEL.P
2017-01-31,01/31/2017,PFE
2017-01-31,01/31/2017,AMGN
2017-01-31,01/31/2017,SNY
2017-02-01,02/01/2017,NVS
2017-02-02,02/02/2017,CEL.P
2017-02-02,02/02/2017,EQRR
2017-02-03,02/03/2017,GSK
2017-02-03,02/03/2017,NVS
2017-02-03,02/03/2017,LLY
2017-02-06,02/06/2017,WNEB
2017-02-08,02/08/2017,BHC
2017-02-09,02/09/2017,SNY
2017-02-09,02/09/2017,PTCT
2017-02-10,02/10/2017,PFE
2017-02-10,02/10/2017,WNEB
2017-02-10,02/10/2017,SCPL
2017-02-13,02/13/2017,PFE
2017-02-13,02/13/2017,WNEB
2017-02-13,02/13/2017,AMRX
2017-02-14,02/14/2017,GILD
2017-02-14,02/14/2017,ABBV
2017-02-14,02/14/2017,BMY
2017-02-15,02/15/2017,GILD
2017-02-17,02/17/2017,NVS
2017-02-17,02/17/2017,AYTU
2017-02-17,02/17/2017,AMRX
2017-02-21,02/21/2017,NVS
2017-02-21,02/21/2017,CTVA
2017-02-22,02/22/2017,CHNG
2017-02-23,02/23/2017,LLY
2017-02-23,02/23/2017,AZN
2017-02-23,02/23/2017,ABBV
2017-02-23,02/23/2017,PFE
2017-02-23,02/23/2017,JAZZ
2017-02-24,02/24/2017,NVS
2017-02-24,02/24/2017,ABBV
2017-02-27,02/27/2017,TARO
2017-02-27,02/27/2017,EQRR
2017-03-01,03/01/2017,UTHR
2017-03-03,03/03/2017,SCPL
2017-03-03,03/03/2017,PRGO
2017-03-03,03/03/2017,CEL.P
2017-03-03,03/03/2017,GOL
2017-03-06,03/06/2017,ABBV
2017-03-06,03/06/2017,GOL
2017-03-08,03/08/2017,NVS
2017-03-08,03/08/2017,GSK
2017-03-08,03/08/2017,ALIM
2017-03-09,03/09/2017,NVS
2017-03-09,03/09/2017,GOL
2017-03-09,03/09/2017,AZN
2017-03-13,03/13/2017,NVS
2017-03-14,03/14/2017,NVS
2017-03-14,03/14/2017,TARO
2017-03-15,03/15/2017,PFE
2017-03-16,03/16/2017,PFE
2017-03-17,03/17/2017,MRK
2017-03-17,03/17/2017,EQRR
2017-03-20,03/20/2017,NVS
2017-03-20,03/20/2017,ASRT
2017-03-21,03/21/2017,NVS
2017-03-22,03/22/2017,TARO
2017-03-22,03/22/2017,GOLD
2017-03-22,03/22/2017,GSK
2017-03-22,03/22/2017,ABBV
2017-03-23,03/23/2017,GSK
2017-03-23,03/23/2017,NVS
2017-03-24,03/24/2017,LLY
2017-03-24,03/24/2017,GSK
2017-03-24,03/24/2017,LCI
2017-03-27,03/27/2017,GSK
2017-03-27,03/27/2017,ABBV
2017-03-28,03/28/2017,SCPL
2017-03-28,03/28/2017,REGN
2017-03-29,03/29/2017,GSK
2017-03-29,03/29/2017,PFE
2017-03-30,03/30/2017,GSK
2017-03-30,03/30/2017,PFE
2017-03-30,03/30/2017,TARO
2017-03-30,03/30/2017,CEL.P
2017-03-30,03/30/2017,AZN
2017-04-02,04/02/2017,MRK
2017-04-03,04/03/2017,PFE
2017-04-05,04/05/2017,CHNG
2017-04-05,04/05/2017,CEL.P
2017-04-05,04/05/2017,CTVA
2017-04-06,04/06/2017,NVS
2017-04-07,04/07/2017,GILD
2017-04-07,04/07/2017,EQRR
2017-04-10,04/10/2017,NVS
2017-04-11,04/11/2017,NBIX
2017-04-12,04/12/2017,NVS
2017-04-13,04/13/2017,AMGN
2017-04-17,04/17/2017,CHNG
2017-04-17,04/17/2017,CTVA
2017-04-20,04/20/2017,TARO
2017-04-21,04/21/2017,GILD
2017-04-21,04/21/2017,ABBV
2017-04-24,04/24/2017,NVS
2017-04-25,04/25/2017,CEL.P
2017-04-26,04/26/2017,NVO
2017-04-27,04/27/2017,ABBV
2017-04-27,04/27/2017,BMRN
2017-04-28,04/28/2017,LLY
2017-04-28,04/28/2017,GSK
2017-04-28,04/28/2017,ABBV
2017-04-28,04/28/2017,HZNP
2017-04-28,04/28/2017,NVS
2017-05-02,05/02/2017,PFE
2017-05-03,05/03/2017,AMGN
2017-05-04,05/04/2017,GSK
2017-05-04,05/04/2017,BHC
2017-05-04,05/04/2017,GILD
2017-05-04,05/04/2017,NVS
2017-05-05,05/05/2017,LLY
2017-05-08,05/08/2017,GSK
2017-05-09,05/09/2017,CEL.P
2017-05-10,05/10/2017,GSK
2017-05-11,05/11/2017,CEL.P
2017-05-12,05/12/2017,PFE
2017-05-15,05/15/2017,AMGN
2017-05-16,05/16/2017,CORT
2017-05-18,05/18/2017,CTVA
2017-05-18,05/18/2017,NVS
2017-05-19,05/19/2017,PFE
2017-05-19,05/19/2017,LLY
2017-05-19,05/19/2017,CTVA
2017-05-22,05/22/2017,CEL.P
2017-05-22,05/22/2017,NVO
2017-05-23,05/23/2017,CEL.P
2017-05-23,05/23/2017,AMGN
2017-05-23,05/23/2017,RBCN
2017-05-23,05/23/2017,GOLD
2017-05-24,05/24/2017,TARO
2017-05-24,05/24/2017,AMRX
2017-05-25,05/25/2017,GOL
2017-05-25,05/25/2017,PFE
2017-05-25,05/25/2017,AMRX
2017-05-26,05/26/2017,TARO
2017-05-26,05/26/2017,AMGN
2017-05-26,05/26/2017,REGN
2017-05-26,05/26/2017,NVS
2017-05-26,05/26/2017,PFE
2017-05-26,05/26/2017,BIIB
2017-05-31,05/31/2017,MRK
2017-05-31,05/31/2017,NVS
2017-05-31,05/31/2017,LCI
2017-05-31,05/31/2017,CTVA
2017-05-31,05/31/2017,GOLD
2017-06-01,06/01/2017,GOLD
2017-06-05,06/05/2017,AMGN
2017-06-06,06/06/2017,LLY
2017-06-07,06/07/2017,ABBV
2017-06-07,06/07/2017,BFAM
2017-06-07,06/07/2017,UTHR
2017-06-08,06/08/2017,GILD
2017-06-09,06/09/2017,ABBV
2017-06-12,06/12/2017,GSK
2017-06-15,06/15/2017,ABBV
2017-06-15,06/15/2017,AMRX
2017-06-16,06/16/2017,EQRR
2017-06-16,06/16/2017,NVS
2017-06-16,06/16/2017,TARO
2017-06-21,06/21/2017,GSK
2017-06-22,06/22/2017,NVS
2017-06-23,06/23/2017,TARO
2017-06-27,06/27/2017,OGN
2017-06-27,06/27/2017,TARO
2017-06-29,06/29/2017,ABBV
2017-06-29,06/29/2017,AMGN
2017-06-30,06/30/2017,CEL.P
2016-01-05,01/05/2016,CTVA
2016-01-05,01/05/2016,AGEN
2016-01-06,01/06/2016,BHC
2016-01-06,01/06/2016,PFE
2016-01-06,01/06/2016,GILD
2016-01-06,01/06/2016,NVS
2016-01-08,01/08/2016,PFE
2016-01-08,01/08/2016,LLY
2016-01-08,01/08/2016,TARO
2016-01-09,01/09/2016,TARO
2016-01-10,01/10/2016,PRGO
2016-01-10,01/10/2016,SCPL
2016-01-11,01/11/2016,MRK
2016-01-11,01/11/2016,LLY
2016-01-12,01/12/2016,AZN
2016-01-14,01/14/2016,ECL
2016-01-15,01/15/2016,AMAM
2016-01-15,01/15/2016,PFE
2016-01-15,01/15/2016,TARO
2016-01-15,01/15/2016,EQRR
2016-01-15,01/15/2016,OMER
2016-01-19,01/19/2016,ALKS
2016-01-19,01/19/2016,NVS
2016-01-19,01/19/2016,GILD
2016-01-21,01/21/2016,ALC
2016-01-21,01/21/2016,SNY
2016-01-21,01/21/2016,HALO
2016-01-21,01/21/2016,PFE
2016-01-21,01/21/2016,GILD
2016-01-22,01/22/2016,NVS
2016-01-22,01/22/2016,UTHR
2016-01-22,01/22/2016,EQRR
2016-01-23,01/23/2016,CEL.P
2016-01-25,01/25/2016,LLY
2016-01-26,01/26/2016,NVS
2016-01-26,01/26/2016,ABBV
2016-01-28,01/28/2016,SCPL
2016-01-28,01/28/2016,CL
2016-01-28,01/28/2016,UTHR
2016-01-28,01/28/2016,ABBV
2016-01-29,01/29/2016,ABBV
2016-01-29,01/29/2016,NVS
2016-10-03,10/03/2016,CTVA
2016-10-04,10/04/2016,ACI.S
2016-10-04,10/04/2016,CEL.P
2016-10-06,10/06/2016,LLY
2016-10-07,10/07/2016,AZN
2016-10-07,10/07/2016,EQRR
2016-10-11,10/11/2016,GOLD
2016-10-12,10/12/2016,CEL.P
2016-10-12,10/12/2016,AZN
2016-10-12,10/12/2016,NVS
2016-10-13,10/13/2016,ACOR
2016-10-14,10/14/2016,MRK
2016-10-14,10/14/2016,PFE
2016-10-17,10/17/2016,ABBV
2016-10-18,10/18/2016,ABBV
2016-10-19,10/19/2016,AZN
2016-10-19,10/19/2016,LLY
2016-10-22,10/22/2016,SCPL
2016-10-24,10/24/2016,AZN
2016-10-24,10/24/2016,WWD
2016-10-24,10/24/2016,BFAM
2016-10-24,10/24/2016,LCI
2016-10-24,10/24/2016,REGN
2016-10-24,10/24/2016,AYTU
2016-10-25,10/25/2016,ABBV
2016-10-25,10/25/2016,PFE
2016-10-25,10/25/2016,LLY
2016-10-25,10/25/2016,BHC
2016-10-25,10/25/2016,LCI
2016-10-25,10/25/2016,CORT
2016-10-26,10/26/2016,AZN
2016-10-27,10/27/2016,BHC
2016-10-27,10/27/2016,LLY
2016-10-27,10/27/2016,OMER
2016-10-28,10/28/2016,REGN
2016-10-28,10/28/2016,SCPL
2016-10-31,10/31/2016,AZN
2016-10-31,10/31/2016,CEL.P
2016-10-31,10/31/2016,BFAM
2016-11-01,11/01/2016,NVS
2016-11-01,11/01/2016,WNEB
2016-11-02,11/02/2016,PKE
2016-11-02,11/02/2016,ABBV
2016-11-02,11/02/2016,NVS
2016-11-02,11/02/2016,BCRX
2016-11-03,11/03/2016,PFE
2016-11-03,11/03/2016,NVS
2016-11-03,11/03/2016,CTVA
2016-11-04,11/04/2016,MMM
2016-11-04,11/04/2016,NVS
2016-11-07,11/07/2016,PFE
2016-11-07,11/07/2016,EQRR
2016-11-08,11/08/2016,PFE
2016-11-08,11/08/2016,SNY
2016-11-08,11/08/2016,AMAM
2016-11-08,11/08/2016,AMRX
2016-11-08,11/08/2016,TARO
2016-11-08,11/08/2016,ELAN
2016-11-09,11/09/2016,NVS
2016-11-09,11/09/2016,SCPL
2016-11-09,11/09/2016,AMRX
2016-11-10,11/10/2016,CEL.P
2016-11-10,11/10/2016,GILD
2016-11-13,11/13/2016,PRGO
2016-11-14,11/14/2016,TARO
2016-11-14,11/14/2016,SCPL
2016-11-15,11/15/2016,NVS
2016-11-18,11/18/2016,BHC
2016-11-21,11/21/2016,CHNG
2016-11-21,11/21/2016,NVO
2016-11-22,11/22/2016,ABBV
2016-11-22,11/22/2016,GSK
2016-11-25,11/25/2016,SNY
2016-11-28,11/28/2016,WNEB
2016-11-29,11/29/2016,NVS
2016-11-29,11/29/2016,GOL
2016-11-30,11/30/2016,ABBV
2016-11-30,11/30/2016,NVS
2016-11-30,11/30/2016,AMGN
2016-11-30,11/30/2016,RBCN
2016-11-30,11/30/2016,EQRR
2016-12-01,12/01/2016,PFE
2016-12-01,12/01/2016,FMS
2016-12-05,12/05/2016,CTVA
2016-12-06,12/06/2016,SCPL
2016-12-07,12/07/2016,PKE
2016-12-07,12/07/2016,GILD
2016-12-09,12/09/2016,NVS
2016-12-09,12/09/2016,ALKS
2016-12-12,12/12/2016,ALKS
2016-12-13,12/13/2016,LLY
2016-12-13,12/13/2016,MRK
2016-12-13,12/13/2016,EBS
2016-12-14,12/14/2016,OSMT
2016-12-14,12/14/2016,BHC
2016-12-15,12/15/2016,OGN
2016-12-15,12/15/2016,GILD
2016-12-15,12/15/2016,SCPL
2016-12-16,12/16/2016,PFE
2016-12-16,12/16/2016,BHC
2016-12-16,12/16/2016,PKE
2016-12-16,12/16/2016,ABBV
2016-12-16,12/16/2016,AGEN
2016-12-16,12/16/2016,MRK
2016-12-16,12/16/2016,EQRR
2016-12-16,12/16/2016,GOLD
2016-12-16,12/16/2016,RBCN
2016-12-16,12/16/2016,NVO
2016-12-19,12/19/2016,PFE
2016-12-19,12/19/2016,AZN
2016-12-19,12/19/2016,CLVS
2016-12-20,12/20/2016,LLY
2016-12-20,12/20/2016,AZN
2016-12-20,12/20/2016,PFE
2016-12-20,12/20/2016,GOLD
2016-12-21,12/21/2016,CHNG
2016-12-21,12/21/2016,PFE
2016-12-21,12/21/2016,TARO
2016-12-21,12/21/2016,BMY
2016-12-22,12/22/2016,CHNG
2016-12-22,12/22/2016,ABBV
2016-12-22,12/22/2016,BHC
2016-12-22,12/22/2016,GILD
2016-12-27,12/27/2016,CTVA
2016-12-28,12/28/2016,NVS
2016-12-29,12/29/2016,EQRR
2016-12-30,12/30/2016,PFE
2016-12-30,12/30/2016,AZN
2016-12-30,12/30/2016,GOL
2016-02-01,02/01/2016,PFE
2016-02-01,02/01/2016,GOL
2016-02-01,02/01/2016,NVO
2016-02-02,02/02/2016,AGEN
2016-02-03,02/03/2016,BHC
2016-02-04,02/04/2016,NVS
2016-02-05,02/05/2016,BHC
2016-02-05,02/05/2016,PRGO
2016-02-05,02/05/2016,BFAM
2016-02-05,02/05/2016,BMY
2016-02-08,02/08/2016,NVS
2016-02-08,02/08/2016,PFE
2016-02-09,02/09/2016,NVS
2016-02-09,02/09/2016,GILD
2016-02-09,02/09/2016,PFE
2016-02-10,02/10/2016,AZN
2016-02-11,02/11/2016,NVO
2016-02-11,02/11/2016,GILD
2016-02-12,02/12/2016,NVS
2016-02-12,02/12/2016,AZN
2016-02-12,02/12/2016,SCPL
2016-02-12,02/12/2016,GILD
2016-02-16,02/16/2016,BHC
2016-02-16,02/16/2016,GILD
2016-02-16,02/16/2016,SCPL
2016-02-17,02/17/2016,MNKD
2016-02-17,02/17/2016,GILD
2016-02-18,02/18/2016,PFE
2016-02-18,02/18/2016,ABBV
2016-02-18,02/18/2016,NVS
2016-02-18,02/18/2016,CTVA
2016-02-19,02/19/2016,LLY
2016-02-19,02/19/2016,NVS
2016-02-19,02/19/2016,MRK
2016-02-19,02/19/2016,GILD
2016-02-19,02/19/2016,PFE
2016-02-19,02/19/2016,AYTU
2016-02-20,02/20/2016,CTVA
2016-02-23,02/23/2016,TARO
2016-02-23,02/23/2016,GILD
2016-02-23,02/23/2016,PFE
2016-02-24,02/24/2016,PFE
2016-02-24,02/24/2016,CTVA
2016-02-24,02/24/2016,RBCN
2016-02-24,02/24/2016,GSK
2016-02-25,02/25/2016,ABBV
2016-02-25,02/25/2016,GILD
2016-02-25,02/25/2016,PFE
2016-02-25,02/25/2016,TARO
2016-02-25,02/25/2016,GOL
2016-02-26,02/26/2016,LLY
2016-02-26,02/26/2016,NVS
2016-02-26,02/26/2016,PRGO
2016-02-28,02/28/2016,SCPL
2016-02-29,02/29/2016,PFE
2016-02-29,02/29/2016,RBCN
2016-02-29,02/29/2016,CTVA
2016-02-29,02/29/2016,BIIB
2016-03-01,03/01/2016,OGN
2016-03-01,03/01/2016,AZN
2016-03-01,03/01/2016,NVS
2016-03-01,03/01/2016,GILD
2016-03-02,03/02/2016,NVS
2016-03-02,03/02/2016,AZN
2016-03-02,03/02/2016,TARO
2016-03-02,03/02/2016,AMGN
2016-03-02,03/02/2016,CEL.P
2016-03-03,03/03/2016,CTVA
2016-03-07,03/07/2016,NVO
2016-03-08,03/08/2016,PFE
2016-03-08,03/08/2016,AMYT
2016-03-08,03/08/2016,GILD
2016-03-09,03/09/2016,LLY
2016-03-09,03/09/2016,SNY
2016-03-09,03/09/2016,CTVA
2016-03-09,03/09/2016,GILD
2016-03-10,03/10/2016,NVS
2016-03-10,03/10/2016,GILD
2016-03-10,03/10/2016,INCY
2016-03-10,03/10/2016,BFAM
2016-03-11,03/11/2016,NVS
2016-03-11,03/11/2016,MRK
2016-03-11,03/11/2016,BCRX
2016-03-15,03/15/2016,GSK
2016-03-16,03/16/2016,AZN
2016-03-18,03/18/2016,BHC
2016-03-21,03/21/2016,GILD
2016-03-21,03/21/2016,BFAM
2016-03-22,03/22/2016,SCPL
2016-03-22,03/22/2016,LLY
2016-03-23,03/23/2016,CEL.P
2016-03-23,03/23/2016,PFE
2016-03-23,03/23/2016,BHC
2016-03-24,03/24/2016,NVS
2016-03-24,03/24/2016,OSMT
2016-03-24,03/24/2016,PFE
2016-03-24,03/24/2016,SCPL
2016-03-24,03/24/2016,AZN
2016-03-25,03/25/2016,PKE
2016-03-25,03/25/2016,GSK
2016-03-25,03/25/2016,BHC
2016-03-29,03/29/2016,NVS
2016-03-30,03/30/2016,AMAM
2016-03-30,03/30/2016,AMRX
2016-03-30,03/30/2016,ELAN
2016-03-31,03/31/2016,CEL.P
2016-03-31,03/31/2016,PFE
2016-04-01,04/01/2016,BHC
2016-04-04,04/04/2016,WWD
2016-04-04,04/04/2016,CTVA
2016-04-04,04/04/2016,AYTU
2016-04-04,04/04/2016,GILD
2016-04-05,04/05/2016,LLY
2016-04-07,04/07/2016,BHC
2016-04-07,04/07/2016,NVS
2016-04-07,04/07/2016,MNKD
2016-04-07,04/07/2016,CHNG
2016-04-08,04/08/2016,CHNG
2016-04-11,04/11/2016,PFE
2016-04-11,04/11/2016,NVS
2016-04-11,04/11/2016,ABBV
2016-04-12,04/12/2016,MRK
2016-04-13,04/13/2016,GOLD
2016-04-13,04/13/2016,BMY
2016-04-14,04/14/2016,NVS
2016-04-14,04/14/2016,BHC
2016-04-14,04/14/2016,WNEB
2016-04-15,04/15/2016,CHNG
2016-04-15,04/15/2016,GILD
2016-04-15,04/15/2016,GKOS
2016-04-19,04/19/2016,BHC
2016-04-19,04/19/2016,CTVA
2016-04-19,04/19/2016,AMGN
2016-04-21,04/21/2016,FMS
2016-04-22,04/22/2016,LLY
2016-04-22,04/22/2016,NVS
2016-04-22,04/22/2016,GILD
2016-04-22,04/22/2016,ABBV
2016-04-25,04/25/2016,GSK
2016-04-25,04/25/2016,JAZZ
2016-04-25,04/25/2016,AZN
2016-04-25,04/25/2016,EXEL
2016-04-26,04/26/2016,RBCN
2016-04-27,04/27/2016,NVS
2016-04-27,04/27/2016,ALC
2016-04-27,04/27/2016,AMGN
2016-04-27,04/27/2016,EQRR
2016-04-28,04/28/2016,GOLD
2016-04-28,04/28/2016,AMGN
2016-04-28,04/28/2016,TARO
2016-04-29,04/29/2016,GSK
2016-05-02,05/02/2016,PFE
2016-05-02,05/02/2016,CEL.P
2016-05-03,05/03/2016,CEL.P
2016-05-05,05/05/2016,PFE
2016-05-05,05/05/2016,RBCN
2016-05-05,05/05/2016,AMGN
2016-05-06,05/06/2016,NVS
2016-05-09,05/09/2016,PFE
2016-05-09,05/09/2016,HRTG
2016-05-09,05/09/2016,NVS
2016-05-09,05/09/2016,MRK
2016-05-09,05/09/2016,ASRT
2016-05-09,05/09/2016,BFAM
2016-05-09,05/09/2016,EQRR
2016-05-09,05/09/2016,CTVA
2016-05-09,05/09/2016,TARO
2016-05-09,05/09/2016,AMPH
2016-05-09,05/09/2016,AGEN
2016-05-10,05/10/2016,AMPH
2016-05-10,05/10/2016,BFRA
2016-05-11,05/11/2016,NVS
2016-05-12,05/12/2016,ABBV
2016-05-12,05/12/2016,OGN
2016-05-12,05/12/2016,AYTU
2016-05-13,05/13/2016,NVS
2016-05-13,05/13/2016,ABBV
2016-05-13,05/13/2016,BFAM
2016-05-13,05/13/2016,GOL
2016-05-17,05/17/2016,CEL.P
2016-05-19,05/19/2016,AZN
2016-05-19,05/19/2016,ALKS
2016-05-19,05/19/2016,TARO
2016-05-20,05/20/2016,NVS
2016-05-20,05/20/2016,ALKS
2016-05-20,05/20/2016,GSK
2016-05-20,05/20/2016,PFE
2016-05-20,05/20/2016,EXEL
2016-05-23,05/23/2016,PFE
2016-05-23,05/23/2016,AMYT
2016-05-23,05/23/2016,NVS
2016-05-24,05/24/2016,BHC
2016-05-24,05/24/2016,NVS
2016-05-24,05/24/2016,PFE
2016-05-24,05/24/2016,TARO
2016-05-24,05/24/2016,REGN
2016-05-24,05/24/2016,EQRR
2016-05-25,05/25/2016,NVS
2016-05-26,05/26/2016,ABBV
2016-05-26,05/26/2016,TARO
2016-05-26,05/26/2016,WNEB
2016-05-27,05/27/2016,NVS
2016-05-27,05/27/2016,AMRX
2016-05-27,05/27/2016,AMP
2016-05-27,05/27/2016,AZN
2016-05-27,05/27/2016,BIIB
2016-05-31,05/31/2016,FMS
2016-06-01,06/01/2016,GSK
2016-06-01,06/01/2016,SNY
2016-06-01,06/01/2016,NVS
2016-06-01,06/01/2016,LLY
2016-06-02,06/02/2016,TARO
2016-06-03,06/03/2016,CEL.P
2016-06-03,06/03/2016,GSK
2016-06-06,06/06/2016,PFE
2016-06-06,06/06/2016,CHNG
2016-06-06,06/06/2016,UTHR
2016-06-07,06/07/2016,ABBV
2016-06-07,06/07/2016,CEL.P
2016-06-07,06/07/2016,CHNG
2016-06-07,06/07/2016,BHC
2016-06-08,06/08/2016,CHNG
2016-06-08,06/08/2016,GILD
2016-06-08,06/08/2016,WNEB
2016-06-09,06/09/2016,BHC
2016-06-09,06/09/2016,CTVA
2016-06-10,06/10/2016,PFE
2016-06-10,06/10/2016,AZN
2016-06-13,06/13/2016,PKE
2016-06-13,06/13/2016,BMRN
2016-06-13,06/13/2016,WWD
2016-06-14,06/14/2016,NVS
2016-06-15,06/15/2016,PFE
2016-06-16,06/16/2016,NVS
2016-06-16,06/16/2016,ABBV
2016-06-16,06/16/2016,OGN
2016-06-17,06/17/2016,NVS
2016-06-17,06/17/2016,AZN
2016-06-17,06/17/2016,GSK
2016-06-17,06/17/2016,GILD
2016-06-17,06/17/2016,LLY
2016-06-20,06/20/2016,PKE
2016-06-20,06/20/2016,RBCN
2016-06-21,06/21/2016,HALO
2016-06-21,06/21/2016,OSMT
2016-06-21,06/21/2016,ABBV
2016-06-22,06/22/2016,GILD
2016-06-22,06/22/2016,ABBV
2016-06-23,06/23/2016,SNY
2016-06-23,06/23/2016,PRGO
2016-06-23,06/23/2016,SCPL
2016-06-23,06/23/2016,TARO
2016-06-24,06/24/2016,LLY
2016-06-24,06/24/2016,NVO
2016-06-28,06/28/2016,GILD
2016-06-29,06/29/2016,BHC
2016-06-29,06/29/2016,AMGN
2016-06-30,06/30/2016,ABBV
2016-07-01,07/01/2016,BMY
2016-07-05,07/05/2016,CEL.P
2016-07-07,07/07/2016,RBCN
2016-07-07,07/07/2016,GOLD
2016-07-07,07/07/2016,GOL
2016-07-08,07/08/2016,LLY
2016-07-08,07/08/2016,NVS
2016-07-08,07/08/2016,BFAM
2016-07-08,07/08/2016,AMGN
2016-07-08,07/08/2016,NVO
2016-07-08,07/08/2016,OMER
2016-07-11,07/11/2016,GOLD
2016-07-11,07/11/2016,AMYT
2016-07-11,07/11/2016,NVS
2016-07-12,07/12/2016,ABBV
2016-07-12,07/12/2016,AZN
2016-07-12,07/12/2016,LLY
2016-07-12,07/12/2016,OGN
2016-07-13,07/13/2016,PRGO
2016-07-14,07/14/2016,NVS
2016-07-15,07/15/2016,GKOS
2016-07-18,07/18/2016,CTVA
2016-07-18,07/18/2016,RBCN
2016-07-20,07/20/2016,CEL.P
2016-07-21,07/21/2016,GSK
2016-07-21,07/21/2016,PFE
2016-07-22,07/22/2016,NVS
2016-07-22,07/22/2016,AZN
2016-07-22,07/22/2016,BFAM
2016-07-22,07/22/2016,RDHL
2016-07-22,07/22/2016,ABBV
2016-07-25,07/25/2016,PFE
2016-07-26,07/26/2016,MRK
2016-07-26,07/26/2016,CTVA
2016-07-27,07/27/2016,NVS
2016-07-27,07/27/2016,PFE
2016-07-27,07/27/2016,AMRX
2016-07-28,07/28/2016,GSK
2016-07-28,07/28/2016,HALO
2016-07-28,07/28/2016,TARO
2016-07-29,07/29/2016,MRK
2016-07-29,07/29/2016,NVS
2016-08-01,08/01/2016,LLY
2016-08-01,08/01/2016,PFE
2016-08-01,08/01/2016,NVS
2016-08-02,08/02/2016,PFE
2016-08-04,08/04/2016,PFE
2016-08-05,08/05/2016,NVS
2016-08-05,08/05/2016,PFE
2016-08-05,08/05/2016,AMGN
2016-08-05,08/05/2016,LLY
2016-08-09,08/09/2016,PFE
2016-08-09,08/09/2016,BMRN
2016-08-11,08/11/2016,AZN
2016-08-11,08/11/2016,BFAM
2016-08-12,08/12/2016,NVS
2016-08-12,08/12/2016,PFE
2016-08-12,08/12/2016,EQRR
2016-08-12,08/12/2016,BCRX
2016-08-12,08/12/2016,AZN
2016-08-17,08/17/2016,ABBV
2016-08-18,08/18/2016,PFE
2016-08-18,08/18/2016,WNEB
2016-08-19,08/19/2016,PFE
2016-08-22,08/22/2016,RDHL
2016-08-23,08/23/2016,NVS
2016-08-24,08/24/2016,PFE
2016-08-25,08/25/2016,TARO
2016-08-25,08/25/2016,NVS
2016-08-26,08/26/2016,GOLD
2016-08-29,08/29/2016,TARO
2016-08-30,08/30/2016,BHC
2016-08-30,08/30/2016,NVS
2016-08-30,08/30/2016,AMGN
2016-08-31,08/31/2016,CEL.P
2016-09-01,09/01/2016,TARO
2016-09-01,09/01/2016,SCPL
2016-09-02,09/02/2016,LLY
2016-09-02,09/02/2016,TARO
2016-09-07,09/07/2016,NVS
2016-09-07,09/07/2016,GILD
2016-09-08,09/08/2016,CEL.P
2016-09-08,09/08/2016,PFE
2016-09-08,09/08/2016,HZNP
2016-09-09,09/09/2016,EQRR
2016-09-13,09/13/2016,CEL.P
2016-09-13,09/13/2016,SCPL
2016-09-15,09/15/2016,ABBV
2016-09-15,09/15/2016,CEL.P
2016-09-15,09/15/2016,GILD
2016-09-16,09/16/2016,NVS
2016-09-16,09/16/2016,CHNG
2016-09-16,09/16/2016,CTVA
2016-09-19,09/19/2016,WWD
2016-09-20,09/20/2016,CTVA
2016-09-20,09/20/2016,SCPL
2016-09-21,09/21/2016,GILD
2016-09-22,09/22/2016,BHC
2016-09-22,09/22/2016,NVO
2016-09-23,09/23/2016,AZN
2016-09-23,09/23/2016,AMGN
2016-09-27,09/27/2016,NVS
2016-09-27,09/27/2016,CEL.P
2016-09-27,09/27/2016,GOLD
2016-09-28,09/28/2016,NVS
2016-09-28,09/28/2016,AZN
2016-09-29,09/29/2016,BFRA
2016-09-30,09/30/2016,GSK
2016-09-30,09/30/2016,CTVA
2016-09-30,09/30/2016,PFE
2020-12-01,12/01/2020,BPMC
2020-12-02,12/02/2020,GILD
2020-12-03,12/03/2020,BCRX
2020-12-04,12/04/2020,PFE
2020-12-04,12/04/2020,NVO
2020-12-04,12/04/2020,SCPL
2020-12-05,12/05/2020,PFE
2020-12-07,12/07/2020,AZN
2020-12-08,12/08/2020,NVS
2020-12-08,12/08/2020,LPCN
2020-12-09,12/09/2020,AZN
2020-12-09,12/09/2020,AQST
2020-12-11,12/11/2020,AZN
2020-12-16,12/16/2020,ABBV
2020-12-17,12/17/2020,BHC
2020-12-17,12/17/2020,AMGN
2020-12-18,12/18/2020,CTVA
2020-12-18,12/18/2020,REGN
2020-12-18,12/18/2020,BHC
2020-12-18,12/18/2020,AZN
2020-12-18,12/18/2020,PFE
2020-12-18,12/18/2020,MYOV
2020-12-21,12/21/2020,MRK
2020-12-22,12/22/2020,BHC
2020-12-22,12/22/2020,GILD
2020-12-22,12/22/2020,SCPL
2020-12-23,12/23/2020,BHC
2020-12-29,12/29/2020,WWD
2020-12-29,12/29/2020,CEL.P
2020-03-02,03/02/2020,CTVA
2020-03-03,03/03/2020,OGN
2020-03-03,03/03/2020,TARO
2020-03-04,03/04/2020,PFE
2020-03-04,03/04/2020,NVS
2020-03-04,03/04/2020,NATR
2020-03-05,03/05/2020,CHNG
2020-03-05,03/05/2020,GILD
2020-03-09,03/09/2020,PFE
2020-03-10,03/10/2020,CEL.P
2020-03-10,03/10/2020,ADMS
2020-03-11,03/11/2020,RBCN
2020-03-11,03/11/2020,ABBV
2020-03-12,03/12/2020,AGEN
2020-03-13,03/13/2020,INSM
2020-03-16,03/16/2020,BMRN
2020-03-19,03/19/2020,GILD
2020-03-19,03/19/2020,PFE
2020-03-20,03/20/2020,ABBV
2020-03-20,03/20/2020,CTVA
2020-03-20,03/20/2020,AMGN
2020-03-20,03/20/2020,AMRX
2020-03-23,03/23/2020,PFE
2020-03-23,03/23/2020,SCPL
2020-03-23,03/23/2020,NATR
2020-03-24,03/24/2020,CTVA
2020-03-25,03/25/2020,NVO
2020-03-26,03/26/2020,BHC
2020-03-26,03/26/2020,LLY
2020-03-27,03/27/2020,AZN
2020-03-27,03/27/2020,BIIB
2020-03-27,03/27/2020,BMRN
2020-03-30,03/30/2020,LLY
2020-02-03,02/03/2020,SCPL
2020-02-04,02/04/2020,GILD
2020-02-05,02/05/2020,AZN
2020-02-05,02/05/2020,BIIB
2020-02-07,02/07/2020,SCPL
2020-02-10,02/10/2020,NVS
2020-02-10,02/10/2020,AMGN
2020-02-11,02/11/2020,GOL
2020-02-11,02/11/2020,SCPL
2020-02-12,02/12/2020,GOL
2020-02-12,02/12/2020,REGN
2020-02-12,02/12/2020,EQRR
2020-02-13,02/13/2020,NVS
2020-02-14,02/14/2020,A
2020-02-14,02/14/2020,CUB-E
2020-02-14,02/14/2020,SCPL
2020-02-15,02/15/2020,AMGN
2020-02-19,02/19/2020,GSK
2020-02-19,02/19/2020,RBCN
2020-02-20,02/20/2020,LLY
2020-02-20,02/20/2020,BXRX
2020-02-20,02/20/2020,EQRR
2020-02-21,02/21/2020,BHC
2020-02-21,02/21/2020,LLY
2020-02-21,02/21/2020,AMRX
2020-02-21,02/21/2020,TEVA
2020-02-21,02/21/2020,ATNX
2020-02-24,02/24/2020,CTVA
2020-02-25,02/25/2020,LLY
2020-02-25,02/25/2020,AMAM
2020-02-25,02/25/2020,PBYI
2020-02-26,02/26/2020,GSK
2020-02-26,02/26/2020,ACTG
2020-02-27,02/27/2020,CTVA
2020-02-27,02/27/2020,GOLD
2020-02-28,02/28/2020,TARO
2020-02-28,02/28/2020,CTVA
2020-02-28,02/28/2020,GSK
2020-01-02,01/02/2020,GOLD
2020-01-02,01/02/2020,AMRX
2020-01-03,01/03/2020,SCPL
2020-01-06,01/06/2020,AMGN
2020-01-09,01/09/2020,BPMC
2020-01-10,01/10/2020,CHNG
2020-01-10,01/10/2020,SCPL
2020-01-10,01/10/2020,AMRX
2020-01-14,01/14/2020,INCY
2020-01-16,01/16/2020,NVO
2020-01-16,01/16/2020,PFE
2020-01-21,01/21/2020,EQRR
2020-01-21,01/21/2020,NATR
2020-01-21,01/21/2020,NVS
2020-01-22,01/22/2020,NVS
2020-01-22,01/22/2020,SCPL
2020-01-23,01/23/2020,AMRX
2020-01-23,01/23/2020,EPZM
2020-01-24,01/24/2020,PFE
2020-01-28,01/28/2020,AMRX
2020-01-29,01/29/2020,TARO
2020-01-29,01/29/2020,RBCN
2020-01-30,01/30/2020,PFE
2020-01-30,01/30/2020,AZN
2020-01-30,01/30/2020,WWD
2020-01-31,01/31/2020,EXEL
2020-11-02,11/02/2020,AZN
2020-11-03,11/03/2020,NVS
2020-11-03,11/03/2020,PFE
2020-11-03,11/03/2020,CTVA
2020-11-03,11/03/2020,UTHR
2020-11-04,11/04/2020,CHNG
2020-11-04,11/04/2020,NVS
2020-11-04,11/04/2020,SCPL
2020-11-05,11/05/2020,AZN
2020-11-05,11/05/2020,EXEL
2020-11-05,11/05/2020,SCPL
2020-11-09,11/09/2020,AMRX
2020-11-10,11/10/2020,CEL.P
2020-11-10,11/10/2020,SNY
2020-11-10,11/10/2020,AMRX
2020-11-10,11/10/2020,REGN
2020-11-12,11/12/2020,PRGO
2020-11-13,11/13/2020,CEL.P
2020-11-16,11/16/2020,LLY
2020-11-16,11/16/2020,GSK
2020-11-18,11/18/2020,AMGN
2020-11-19,11/19/2020,ABBV
2020-11-20,11/20/2020,BMRN
2020-11-20,11/20/2020,GSK
2020-11-23,11/23/2020,AMGN
2020-11-23,11/23/2020,WNEB
2020-11-23,11/23/2020,SCPL
2020-11-23,11/23/2020,NATR
2020-11-24,11/24/2020,NVS
2020-11-24,11/24/2020,GILD
2020-11-24,11/24/2020,SCPL
2020-11-24,11/24/2020,CHNG
2020-11-25,11/25/2020,AMRX
2020-11-25,11/25/2020,IRTC
2020-11-25,11/25/2020,YMAB
2020-11-27,11/27/2020,WWD
2020-11-27,11/27/2020,AZN
2020-11-27,11/27/2020,BFAM
2020-11-27,11/27/2020,AYTU
2020-11-27,11/27/2020,RDHL
2020-11-27,11/27/2020,EQRR
2020-11-30,11/30/2020,AHL-C
2020-11-30,11/30/2020,ACTG
2020-10-01,10/01/2020,LLY
2020-10-02,10/02/2020,CEL.P
2020-10-06,10/06/2020,BMRN
2020-10-08,10/08/2020,NVS
2020-10-08,10/08/2020,CLVS
2020-10-08,10/08/2020,NBRV
2020-10-09,10/09/2020,PFE
2020-10-13,10/13/2020,CTVA
2020-10-13,10/13/2020,HMY
2020-10-16,10/16/2020,ABBV
2020-10-19,10/19/2020,GILD
2020-10-19,10/19/2020,INSM
2020-10-20,10/20/2020,GSK
2020-10-20,10/20/2020,GOLD
2020-10-21,10/21/2020,ABBV
2020-10-21,10/21/2020,RBCN
2020-10-22,10/22/2020,EXEL
2020-10-22,10/22/2020,TVTX
2020-10-22,10/22/2020,PFE
2020-10-22,10/22/2020,GILD
2020-10-23,10/23/2020,LLY
2020-10-26,10/26/2020,ABBV
2020-10-27,10/27/2020,LLY
2020-10-27,10/27/2020,AMRX
2020-10-27,10/27/2020,RBCN
2020-10-30,10/30/2020,AMPH
2020-10-30,10/30/2020,AMRX
2020-09-01,09/01/2020,ACTG
2020-09-01,09/01/2020,AMRX
2020-09-01,09/01/2020,NVS
2020-09-01,09/01/2020,ATH.U
2020-09-03,09/03/2020,NVO
2020-09-03,09/03/2020,LLY
2020-09-04,09/04/2020,WWD
2020-09-08,09/08/2020,PFE
2020-09-09,09/09/2020,PFE
2020-09-09,09/09/2020,ABBV
2020-09-09,09/09/2020,OGN
2020-09-09,09/09/2020,ATNX
2020-09-09,09/09/2020,GSK
2020-09-10,09/10/2020,RBCN
2020-09-15,09/15/2020,AZN
2020-09-16,09/16/2020,ACI.S
2020-09-17,09/17/2020,CUB-E
2020-09-18,09/18/2020,AZN
2020-09-18,09/18/2020,PFE
2020-09-18,09/18/2020,CEL.P
2020-09-18,09/18/2020,TEVA
2020-09-21,09/21/2020,EQRR
2020-09-21,09/21/2020,CTLT
2020-09-21,09/21/2020,AMRX
2020-09-24,09/24/2020,PFE
2020-09-24,09/24/2020,CEL.P
2020-09-24,09/24/2020,BHC
2020-09-24,09/24/2020,SCPL
2020-09-24,09/24/2020,AMRX
2020-09-25,09/25/2020,OGN
2020-09-25,09/25/2020,CEL.P
2020-09-25,09/25/2020,NVS
2020-09-25,09/25/2020,AMP
2020-09-25,09/25/2020,CTVA
2020-09-25,09/25/2020,PFE
2020-09-25,09/25/2020,GSK
2020-09-28,09/28/2020,AMRX
2020-09-29,09/29/2020,UTHR
2020-09-29,09/29/2020,EMF
2020-08-05,08/05/2020,PFE
2020-08-05,08/05/2020,GSK
2020-08-06,08/06/2020,EBS
2020-08-07,08/07/2020,TRVN
2020-08-10,08/10/2020,NVS
2020-08-12,08/12/2020,AMRX
2020-08-13,08/13/2020,CTVA
2020-08-13,08/13/2020,CEL.P
2020-08-17,08/17/2020,NVS
2020-08-18,08/18/2020,GILD
2020-08-19,08/19/2020,UTHR
2020-08-20,08/20/2020,PFE
2020-08-20,08/20/2020,BHC
2020-08-20,08/20/2020,OGN
2020-08-20,08/20/2020,NVS
2020-08-20,08/20/2020,GOLD
2020-08-20,08/20/2020,CTVA
2020-08-20,08/20/2020,SCPL
2020-08-20,08/20/2020,IPHA
2020-08-21,08/21/2020,GILD
2020-08-21,08/21/2020,BIIB
2020-08-24,08/24/2020,NVS
2020-08-24,08/24/2020,AMRX
2020-08-26,08/26/2020,RBCN
2020-08-27,08/27/2020,GILD
2020-08-28,08/28/2020,PFE
2020-08-31,08/31/2020,ACOR
2020-07-02,07/02/2020,CHNG
2020-07-02,07/02/2020,ACTG
2020-07-06,07/06/2020,GOLD
2020-07-06,07/06/2020,TARO
2020-07-06,07/06/2020,LLY
2020-07-06,07/06/2020,NVS
2020-07-07,07/07/2020,CTVA
2020-07-07,07/07/2020,TARO
2020-07-08,07/08/2020,LLY
2020-07-09,07/09/2020,AMRX
2020-07-10,07/10/2020,PTCT
2020-07-10,07/10/2020,ABBV
2020-07-13,07/13/2020,SCPL
2020-07-14,07/14/2020,GILD
2020-07-15,07/15/2020,ABBV
2020-07-16,07/16/2020,EXEL
2020-07-16,07/16/2020,AMRX
2020-07-17,07/17/2020,NVS
2020-07-17,07/17/2020,LLY
2020-07-20,07/20/2020,GOLD
2020-07-21,07/21/2020,JAZZ
2020-07-23,07/23/2020,NVS
2020-07-23,07/23/2020,SCPL
2020-07-24,07/24/2020,AMRX
2020-07-28,07/28/2020,PFE
2020-07-28,07/28/2020,AZN
2020-07-28,07/28/2020,TARO
2020-07-29,07/29/2020,PBYI
2020-07-30,07/30/2020,GSK
2020-07-31,07/31/2020,BMY
2020-07-31,07/31/2020,NVS
2020-07-31,07/31/2020,AMRX
2020-06-01,06/01/2020,AMRX
2020-06-02,06/02/2020,NVS
2020-06-02,06/02/2020,FMS
2020-06-02,06/02/2020,NATR
2020-06-04,06/04/2020,MDRX
2020-06-04,06/04/2020,NVS
2020-06-07,06/07/2020,PFE
2020-06-08,06/08/2020,TARO
2020-06-09,06/09/2020,AMGN
2020-06-10,06/10/2020,PRGO
2020-06-10,06/10/2020,CEL.P
2020-06-11,06/11/2020,TARO
2020-06-11,06/11/2020,OSG
2020-06-11,06/11/2020,NATR
2020-06-12,06/12/2020,GOL
2020-06-12,06/12/2020,ABBV
2020-06-15,06/15/2020,TARO
2020-06-15,06/15/2020,AMRX
2020-06-15,06/15/2020,SCPL
2020-06-15,06/15/2020,JAZZ
2020-06-15,06/15/2020,LLY
2020-06-16,06/16/2020,CTVA
2020-06-16,06/16/2020,AMRX
2020-06-17,06/17/2020,CTVA
2020-06-17,06/17/2020,CEL.P
2020-06-18,06/18/2020,SCPL
2020-06-18,06/18/2020,EPZM
2020-06-18,06/18/2020,REGN
2020-06-19,06/19/2020,AMRX
2020-06-23,06/23/2020,GILD
2020-06-23,06/23/2020,TARO
2020-06-23,06/23/2020,CEL.P
2020-06-23,06/23/2020,NVS
2020-06-23,06/23/2020,GOL
2020-06-24,06/24/2020,BFAM
2020-06-24,06/24/2020,AMRX
2020-06-25,06/25/2020,ZGNX
2020-06-25,06/25/2020,REGN
2020-06-26,06/26/2020,PFE
2020-06-29,06/29/2020,BHC
2020-06-29,06/29/2020,CEL.P
2020-05-01,05/01/2020,BHC
2020-05-06,05/06/2020,AMGN
2020-05-06,05/06/2020,TARO
2020-05-07,05/07/2020,PFE
2020-05-08,05/08/2020,CHNG
2020-05-08,05/08/2020,ALKS
2020-05-08,05/08/2020,AZN
2020-05-08,05/08/2020,AMRX
2020-05-11,05/11/2020,NVS
2020-05-12,05/12/2020,PPBT
2020-05-13,05/13/2020,AZN
2020-05-15,05/15/2020,CEL.P
2020-05-15,05/15/2020,CLVS
2020-05-17,05/17/2020,CTVA
2020-05-19,05/19/2020,ABBV
2020-05-19,05/19/2020,AZN
2020-05-20,05/20/2020,NATR
2020-05-20,05/20/2020,SCPL
2020-05-21,05/21/2020,AMP
2020-05-21,05/21/2020,ABBV
2020-05-21,05/21/2020,RBCN
2020-05-22,05/22/2020,PFE
2020-05-23,05/23/2020,AZN
2020-05-26,05/26/2020,CEL.P
2020-05-26,05/26/2020,REGN
2020-05-26,05/26/2020,PFE
2020-05-27,05/27/2020,RBCN
2020-05-28,05/28/2020,AZN
2020-05-28,05/28/2020,RBCN
2020-05-28,05/28/2020,CTVA
2020-05-28,05/28/2020,VYNE
2020-05-29,05/29/2020,CTVA
2020-05-29,05/29/2020,LLY
2020-05-29,05/29/2020,GSK
2020-05-29,05/29/2020,ABBV
2020-05-29,05/29/2020,PFE
2020-05-29,05/29/2020,LJPC
2020-04-01,04/01/2020,NATR
2020-04-02,04/02/2020,NVS
2020-04-02,04/02/2020,SCPL
2020-04-06,04/06/2020,AMRX
2020-04-06,04/06/2020,LLY
2020-04-06,04/06/2020,TARO
2020-04-06,04/06/2020,GOL
2020-04-06,04/06/2020,NATR
2020-04-07,04/07/2020,XERS
2020-04-08,04/08/2020,PFE
2020-04-08,04/08/2020,SCPL
2020-04-09,04/09/2020,NVS
2020-04-09,04/09/2020,CTLT
2020-04-09,04/09/2020,NBIX
2020-04-10,04/10/2020,GSK
2020-04-10,04/10/2020,AMGN
2020-04-10,04/10/2020,NATR
2020-04-10,04/10/2020,ABBV
2020-04-10,04/10/2020,AZN
2020-04-13,04/13/2020,RDHL
2020-04-13,04/13/2020,GOL
2020-04-13,04/13/2020,NATR
2020-04-14,04/14/2020,JAZZ
2020-04-14,04/14/2020,PFE
2020-04-14,04/14/2020,TARO
2020-04-14,04/14/2020,CTVA
2020-04-14,04/14/2020,AMRX
2020-04-15,04/15/2020,CTVA
2020-04-15,04/15/2020,URGN
2020-04-16,04/16/2020,TARO
2020-04-17,04/17/2020,GOL
2020-04-17,04/17/2020,SGEN
2020-04-17,04/17/2020,INCY
2020-04-20,04/20/2020,LLY
2020-04-20,04/20/2020,CTVA
2020-04-20,04/20/2020,SCPL
2020-04-21,04/21/2020,LLY
2020-04-21,04/21/2020,TARO
2020-04-22,04/22/2020,BMY
2020-04-22,04/22/2020,AGEN
2020-04-23,04/23/2020,LLY
2020-04-23,04/23/2020,AMGN
2020-04-24,04/24/2020,NVS
2020-04-24,04/24/2020,AZN
2020-04-24,04/24/2020,NBIX
2020-04-26,04/26/2020,BHC
2020-04-27,04/27/2020,TARO
2020-04-28,04/28/2020,LLY
2020-04-28,04/28/2020,NVS
2020-04-28,04/28/2020,XENT
2020-04-29,04/29/2020,MRK
2020-04-29,04/29/2020,NVS
2020-04-29,04/29/2020,CTVA
2020-04-29,04/29/2020,GSK
2020-04-30,04/30/2020,SNY
2020-04-30,04/30/2020,AMGN
